full_path,filename,trigger_token,mode
J:\My Movies\Music Concerts\bronze\lbaby01-poster.jpg,lbaby01-poster.jpg,poster,dry-run
J:\My Movies\Music Concerts\bronze\lbaby06b-poster.jpg,lbaby06b-poster.jpg,poster,dry-run
J:\My Movies\Music Concerts\bronze\lbaby08-poster.jpg,lbaby08-poster.jpg,poster,dry-run
J:\My Movies\Music Concerts\bronze\lbaby09-poster.jpg,lbaby09-poster.jpg,poster,dry-run
J:\My Movies\Music Concerts\bronze\lcrstor-poster.jpg,lcrstor-poster.jpg,poster,dry-run
J:\My Movies\Music Concerts\bronze\Lesbian Psychodramas 25-poster.jpg,Lesbian Psychodramas 25-poster.jpg,poster,dry-run
J:\My Movies\Music Concerts\bronze\Lesbian Psychodramas 26-poster.jpg,Lesbian Psychodramas 26-poster.jpg,poster,dry-run
J:\My Movies\Music Concerts\bronze\leschsqsleep06-poster.jpg,leschsqsleep06-poster.jpg,poster,dry-run
J:\My Movies\Music Concerts\bronze\leschsqsleep08s1-poster.jpg,leschsqsleep08s1-poster.jpg,poster,dry-run
J:\My Movies\Music Concerts\bronze\leschsqsleep08s2-poster.jpg,leschsqsleep08s2-poster.jpg,poster,dry-run
J:\My Movies\Music Concerts\bronze\leschsqsleep08s3-poster.jpg,leschsqsleep08s3-poster.jpg,poster,dry-run
J:\My Movies\Music Concerts\bronze\leschsqsleep08s4-poster.jpg,leschsqsleep08s4-poster.jpg,poster,dry-run
J:\My Movies\Music Concerts\bronze\leschsqsleep09-poster.jpg,leschsqsleep09-poster.jpg,poster,dry-run
J:\My Movies\Music Concerts\bronze\leschsqsleep10-poster.jpg,leschsqsleep10-poster.jpg,poster,dry-run
J:\My Movies\Music Concerts\bronze\leschsqsleep11s3-poster.jpg,leschsqsleep11s3-poster.jpg,poster,dry-run
J:\My Movies\Music Concerts\bronze\lesforfru-poster.jpg,lesforfru-poster.jpg,poster,dry-run
J:\My Movies\Music Concerts\bronze\leshouhun07-poster.jpg,leshouhun07-poster.jpg,poster,dry-run
J:\My Movies\Music Concerts\bronze\leshouhun0801-poster.jpg,leshouhun0801-poster.jpg,poster,dry-run
J:\My Movies\Music Concerts\bronze\leshouhun0802-poster.jpg,leshouhun0802-poster.jpg,poster,dry-run
J:\My Movies\Music Concerts\bronze\leshouhun0803-poster.jpg,leshouhun0803-poster.jpg,poster,dry-run
J:\My Movies\Music Concerts\bronze\leshouhun0804-poster.jpg,leshouhun0804-poster.jpg,poster,dry-run
J:\My Movies\Music Concerts\bronze\leshouhun10-poster.jpg,leshouhun10-poster.jpg,poster,dry-run
J:\My Movies\Music Concerts\bronze\lesint01-poster.jpg,lesint01-poster.jpg,poster,dry-run
J:\My Movies\Music Concerts\bronze\lesint02-poster.jpg,lesint02-poster.jpg,poster,dry-run
J:\My Movies\Music Concerts\bronze\lesint03-poster.jpg,lesint03-poster.jpg,poster,dry-run
J:\My Movies\Music Concerts\bronze\leslom2-poster.jpg,leslom2-poster.jpg,poster,dry-run
J:\My Movies\Music Concerts\bronze\lesnsk08-poster.jpg,lesnsk08-poster.jpg,poster,dry-run
J:\My Movies\Music Concerts\bronze\lesnsk11s1-poster.jpg,lesnsk11s1-poster.jpg,poster,dry-run
J:\My Movies\Music Concerts\bronze\lesnsk11s2-poster.jpg,lesnsk11s2-poster.jpg,poster,dry-run
J:\My Movies\Music Concerts\bronze\lesnsk11s3-poster.jpg,lesnsk11s3-poster.jpg,poster,dry-run
J:\My Movies\Music Concerts\bronze\lesnsk11s4-poster.jpg,lesnsk11s4-poster.jpg,poster,dry-run
J:\My Movies\Music Concerts\bronze\lesoffsed07s1-poster.jpg,lesoffsed07s1-poster.jpg,poster,dry-run
J:\My Movies\Music Concerts\bronze\lesoffsed07s2-poster.jpg,lesoffsed07s2-poster.jpg,poster,dry-run
J:\My Movies\Music Concerts\bronze\lesoffsed07s3-poster.jpg,lesoffsed07s3-poster.jpg,poster,dry-run
J:\My Movies\Music Concerts\bronze\lesoffsed07s4-poster.jpg,lesoffsed07s4-poster.jpg,poster,dry-run
J:\My Movies\Music Concerts\bronze\lesoleg-poster.jpg,lesoleg-poster.jpg,poster,dry-run
J:\My Movies\Music Concerts\bronze\lessed3901-poster.jpg,lessed3901-poster.jpg,poster,dry-run
J:\My Movies\Music Concerts\bronze\lessed3902-poster.jpg,lessed3902-poster.jpg,poster,dry-run
J:\My Movies\Music Concerts\bronze\lesssis2s3-poster.jpg,lesssis2s3-poster.jpg,poster,dry-run
J:\My Movies\Music Concerts\bronze\lestp07-poster.jpg,lestp07-poster.jpg,poster,dry-run
J:\My Movies\Music Concerts\bronze\lestp09s01-poster.jpg,lestp09s01-poster.jpg,poster,dry-run
J:\My Movies\Music Concerts\bronze\lestp09s02-poster.jpg,lestp09s02-poster.jpg,poster,dry-run
J:\My Movies\Music Concerts\bronze\lestp09s03-poster.jpg,lestp09s03-poster.jpg,poster,dry-run
J:\My Movies\Music Concerts\bronze\lestp09s04-poster.jpg,lestp09s04-poster.jpg,poster,dry-run
J:\My Movies\Music Concerts\bronze\leswsw115-poster.jpg,leswsw115-poster.jpg,poster,dry-run
J:\My Movies\Music Concerts\bronze\leswsw116-poster.jpg,leswsw116-poster.jpg,poster,dry-run
J:\My Movies\Music Concerts\bronze\lghost-poster.jpg,lghost-poster.jpg,poster,dry-run
J:\My Movies\Music Concerts\bronze\lmasmkbed-poster.jpg,lmasmkbed-poster.jpg,poster,dry-run
J:\My Movies\Music Concerts\bronze\lmasmkfher-poster.jpg,lmasmkfher-poster.jpg,poster,dry-run
J:\My Movies\Music Concerts\bronze\lmasssg01-poster.jpg,lmasssg01-poster.jpg,poster,dry-run
J:\My Movies\Music Concerts\bronze\lpd07a-poster.jpg,lpd07a-poster.jpg,poster,dry-run
J:\My Movies\Music Concerts\bronze\lpd09a-poster.jpg,lpd09a-poster.jpg,poster,dry-run
J:\My Movies\Music Concerts\bronze\lpd11a-poster.jpg,lpd11a-poster.jpg,poster,dry-run
J:\My Movies\Music Concerts\bronze\lpd11b-poster.jpg,lpd11b-poster.jpg,poster,dry-run
J:\My Movies\Music Concerts\bronze\lpd13-poster.jpg,lpd13-poster.jpg,poster,dry-run
J:\My Movies\Music Concerts\bronze\ls&l01s01-poster.jpg,ls&l01s01-poster.jpg,poster,dry-run
J:\My Movies\Music Concerts\bronze\ls&l01s02-poster.jpg,ls&l01s02-poster.jpg,poster,dry-run
J:\My Movies\Music Concerts\bronze\ls&l01s03-poster.jpg,ls&l01s03-poster.jpg,poster,dry-run
J:\My Movies\Music Concerts\bronze\ls&l01s04-poster.jpg,ls&l01s04-poster.jpg,poster,dry-run
J:\My Movies\Music Concerts\bronze\ls&l01s05-poster.jpg,ls&l01s05-poster.jpg,poster,dry-run
J:\My Movies\Music Concerts\bronze\ls&l01s06-poster.jpg,ls&l01s06-poster.jpg,poster,dry-run
J:\My Movies\Music Concerts\bronze\ls&l01s07-poster.jpg,ls&l01s07-poster.jpg,poster,dry-run
J:\My Movies\Music Concerts\bronze\lscpvtb01-poster.jpg,lscpvtb01-poster.jpg,poster,dry-run
J:\My Movies\Music Concerts\bronze\lscpvtb02-poster.jpg,lscpvtb02-poster.jpg,poster,dry-run
J:\My Movies\Music Concerts\bronze\lscpvtb03-poster.jpg,lscpvtb03-poster.jpg,poster,dry-run
J:\My Movies\Music Concerts\bronze\lscpvtb04-poster.jpg,lscpvtb04-poster.jpg,poster,dry-run
J:\My Movies\Music Concerts\bronze\lscpvtb05-poster.jpg,lscpvtb05-poster.jpg,poster,dry-run
J:\My Movies\Music Concerts\bronze\lslumkg1a-poster.jpg,lslumkg1a-poster.jpg,poster,dry-run
J:\My Movies\Music Concerts\bronze\lslumkg3a-poster.jpg,lslumkg3a-poster.jpg,poster,dry-run
J:\My Movies\Music Concerts\bronze\lslumkg3b-poster.jpg,lslumkg3b-poster.jpg,poster,dry-run
J:\My Movies\Music Concerts\bronze\lslumkg3c-poster.jpg,lslumkg3c-poster.jpg,poster,dry-run
J:\My Movies\Music Concerts\bronze\lslumkg3d-poster.jpg,lslumkg3d-poster.jpg,poster,dry-run
J:\My Movies\Music Concerts\bronze\lwpan04-poster.jpg,lwpan04-poster.jpg,poster,dry-run
J:\My Movies\Music Concerts\bronze\lynannmarie01-poster.jpg,lynannmarie01-poster.jpg,poster,dry-run
J:\My Movies\Music Concerts\bronze\lynannmarie02-poster.jpg,lynannmarie02-poster.jpg,poster,dry-run
J:\My Movies\Music Concerts\bronze\nsk02a-poster.jpg,nsk02a-poster.jpg,poster,dry-run
J:\My Movies\Music Concerts\bronze\nsk02b-poster.jpg,nsk02b-poster.jpg,poster,dry-run
J:\My Movies\Music Concerts\bronze\nsk02c-poster.jpg,nsk02c-poster.jpg,poster,dry-run
J:\My Movies\Music Concerts\bronze\nsk02d-poster.jpg,nsk02d-poster.jpg,poster,dry-run
J:\My Movies\Music Concerts\bronze\nsk03-poster.jpg,nsk03-poster.jpg,poster,dry-run
J:\My Movies\Music Concerts\bronze\nsk04b-poster.jpg,nsk04b-poster.jpg,poster,dry-run
J:\My Movies\Music Concerts\bronze\nsk05a-poster.jpg,nsk05a-poster.jpg,poster,dry-run
J:\My Movies\Music Concerts\bronze\nsk05b-poster.jpg,nsk05b-poster.jpg,poster,dry-run
J:\My Movies\Music Concerts\bronze\nsk05c-poster.jpg,nsk05c-poster.jpg,poster,dry-run
J:\My Movies\Music Concerts\bronze\nsk05d-poster.jpg,nsk05d-poster.jpg,poster,dry-run
J:\My Movies\Music Concerts\bronze\nsk06b-poster.jpg,nsk06b-poster.jpg,poster,dry-run
J:\My Movies\Music Concerts\bronze\nsk10-poster.jpg,nsk10-poster.jpg,poster,dry-run
J:\My Movies\Music Concerts\bronze\pmml01a-poster.jpg,pmml01a-poster.jpg,poster,dry-run
J:\My Movies\Music Concerts\bronze\pmml01b-poster.jpg,pmml01b-poster.jpg,poster,dry-run
J:\My Movies\Music Concerts\bronze\pmml02a-poster.jpg,pmml02a-poster.jpg,poster,dry-run
J:\My Movies\Music Concerts\bronze\pmml02b-poster.jpg,pmml02b-poster.jpg,poster,dry-run
J:\My Movies\Music Concerts\bronze\pmml03a-poster.jpg,pmml03a-poster.jpg,poster,dry-run
J:\My Movies\Music Concerts\bronze\pmml03c-poster.jpg,pmml03c-poster.jpg,poster,dry-run
J:\My Movies\Music Concerts\bronze\pmml05a-poster.jpg,pmml05a-poster.jpg,poster,dry-run
J:\My Movies\Music Concerts\bronze\pmml06a-poster.jpg,pmml06a-poster.jpg,poster,dry-run
J:\My Movies\Music Concerts\bronze\pmml06b-poster.jpg,pmml06b-poster.jpg,poster,dry-run
J:\My Movies\Music Concerts\bronze\pmml07a-poster.jpg,pmml07a-poster.jpg,poster,dry-run
J:\My Movies\Music Concerts\bronze\pmml07b-poster.jpg,pmml07b-poster.jpg,poster,dry-run
J:\My Movies\Music Concerts\bronze\pmml07c-poster.jpg,pmml07c-poster.jpg,poster,dry-run
J:\My Movies\Music Concerts\bronze\pmml07d-poster.jpg,pmml07d-poster.jpg,poster,dry-run
J:\My Movies\Music Concerts\bronze\starlets-creepersfamily-cd1-poster.jpg,starlets-creepersfamily-cd1-poster.jpg,poster,dry-run
J:\My Movies\Music Concerts\bronze\uc-creepersfamily4-poster.jpg,uc-creepersfamily4-poster.jpg,poster,dry-run
"J:\My Movies\Music Concerts\bronze\Girls Kissing Girls 13\Girls Kissing Girls 16 - Cherie DeVille, Ashlyn Molloy (Sweetheart Video) HD 720p NEW February 12, 2015-poster.jpg","Girls Kissing Girls 16 - Cherie DeVille, Ashlyn Molloy (Sweetheart Video) HD 720p NEW February 12, 2015-poster.jpg",poster,dry-run
"J:\My Movies\Music Concerts\bronze\Girls Kissing Girls 13\Girls Kissing Girls 16 - Penny Pax, August Ames (Sweetheart Video) Scene 1 HD 720p NEW February 6, 2015-poster.jpg","Girls Kissing Girls 16 - Penny Pax, August Ames (Sweetheart Video) Scene 1 HD 720p NEW February 6, 2015-poster.jpg",poster,dry-run
J:\My Movies\Music Concerts\bronze\Girls Kissing Girls 13\sc1_elleA_verucaJ-poster.jpg,sc1_elleA_verucaJ-poster.jpg,poster,dry-run
J:\My Movies\Music Concerts\bronze\Girls Kissing Girls 13\sc2_allieH_daniD-poster.jpg,sc2_allieH_daniD-poster.jpg,poster,dry-run
J:\My Movies\Music Concerts\bronze\Girls Kissing Girls 13\sc3_justineJ_indiaS-poster.jpg,sc3_justineJ_indiaS-poster.jpg,poster,dry-run
J:\My Movies\Music Concerts\bronze\Girls Kissing Girls 13\sc4_danaD_lolaF-poster.jpg,sc4_danaD_lolaF-poster.jpg,poster,dry-run
J:\My Movies\Music Concerts\bronze\Girls Kissing Girls 15\25570_01_hd-poster.jpg,25570_01_hd-poster.jpg,poster,dry-run
J:\My Movies\Music Concerts\bronze\Girls Kissing Girls 15\25570_02_hd-poster.jpg,25570_02_hd-poster.jpg,poster,dry-run
J:\My Movies\Music Concerts\bronze\Girls Kissing Girls 15\25570_03_hd-poster.jpg,25570_03_hd-poster.jpg,poster,dry-run
J:\My Movies\Music Concerts\bronze\Girls Kissing Girls 15\25570_04_hd-poster.jpg,25570_04_hd-poster.jpg,poster,dry-run
"J:\My Movies\Music Concerts\bronze\Girls Kissing Girls 17\1 Samantha Rone, Aria Alexander-poster.jpg","1 Samantha Rone, Aria Alexander-poster.jpg",poster,dry-run
"J:\My Movies\Music Concerts\bronze\Girls Kissing Girls 17\2 Mia Malkova, Dana Vespoli, Karlie Montana-poster.jpg","2 Mia Malkova, Dana Vespoli, Karlie Montana-poster.jpg",poster,dry-run
"J:\My Movies\Music Concerts\bronze\Girls Kissing Girls 17\3 Carter Cruise, Jelena Jensen-poster.jpg","3 Carter Cruise, Jelena Jensen-poster.jpg",poster,dry-run
"J:\My Movies\Music Concerts\bronze\Girls Kissing Girls 17\4 Kenna James, AJ Applegate, Aidra Fox-poster.jpg","4 Kenna James, AJ Applegate, Aidra Fox-poster.jpg",poster,dry-run
J:\My Movies\Music Concerts\bronze\Lesbian Psychodramas 14\sc1_adrianaC_raquelD-poster.jpg,sc1_adrianaC_raquelD-poster.jpg,poster,dry-run
J:\My Movies\Music Concerts\bronze\Lesbian Psychodramas 14\sc2_karenF_scarletR-poster.jpg,sc2_karenF_scarletR-poster.jpg,poster,dry-run
J:\My Movies\Music Concerts\bronze\Lesbian Psychodramas 14\sc3_raquelD_scarletR-poster.jpg,sc3_raquelD_scarletR-poster.jpg,poster,dry-run
J:\My Movies\Music Concerts\bronze\Lesbian Psychodramas 14\sc4_karenF_prinzzess-poster.jpg,sc4_karenF_prinzzess-poster.jpg,poster,dry-run
J:\My Movies\Music Concerts\bronze\Lesbian Psychodramas 15\Scene 1 - Prinzzess & Rozen DeBowe-poster.jpg,Scene 1 - Prinzzess & Rozen DeBowe-poster.jpg,poster,dry-run
J:\My Movies\Music Concerts\bronze\Lesbian Psychodramas 15\Scene 2 - Nadia Noir & Zoe Britton-poster.jpg,Scene 2 - Nadia Noir & Zoe Britton-poster.jpg,poster,dry-run
J:\My Movies\Music Concerts\bronze\Lesbian Psychodramas 15\Scene 3 - Lily LaBeau & Nicole Moore-poster.jpg,Scene 3 - Lily LaBeau & Nicole Moore-poster.jpg,poster,dry-run
J:\My Movies\Music Concerts\bronze\Lesbian Psychodramas 15\Scene 4 - Michaela & Prinzzess-poster.jpg,Scene 4 - Michaela & Prinzzess-poster.jpg,poster,dry-run
J:\My Movies\Music Concerts\bronze\Lesbian Sex 10\lessex1001-poster.jpg,lessex1001-poster.jpg,poster,dry-run
J:\My Movies\Music Concerts\bronze\Lesbian Sex 10\lessex1001pos-poster.jpg,lessex1001pos-poster.jpg,poster,dry-run
J:\My Movies\Music Concerts\bronze\Lesbian Sex 10\lessex1001pre-poster.jpg,lessex1001pre-poster.jpg,poster,dry-run
J:\My Movies\Music Concerts\bronze\Lesbian Sex 10\lessex1002-poster.jpg,lessex1002-poster.jpg,poster,dry-run
J:\My Movies\Music Concerts\bronze\Lesbian Sex 10\lessex1002pos-poster.jpg,lessex1002pos-poster.jpg,poster,dry-run
J:\My Movies\Music Concerts\bronze\Lesbian Sex 10\lessex1002pre-poster.jpg,lessex1002pre-poster.jpg,poster,dry-run
J:\My Movies\Music Concerts\bronze\Lesbian Sex 10\lessex10i-poster.jpg,lessex10i-poster.jpg,poster,dry-run
J:\My Movies\Music Concerts\bronze\Lesbian Sex 10\s3- Sinn Sage & Zoey Holloway - Post Sex Interview-poster.jpg,s3- Sinn Sage & Zoey Holloway - Post Sex Interview-poster.jpg,poster,dry-run
J:\My Movies\Music Concerts\bronze\Lesbian Sex 10\s3- Sinn Sage & Zoey Holloway - Pre Sex Interview-poster.jpg,s3- Sinn Sage & Zoey Holloway - Pre Sex Interview-poster.jpg,poster,dry-run
J:\My Movies\Music Concerts\bronze\Lesbian Sex 10\s3- Sinn Sage & Zoey Holloway - Sex-poster.jpg,s3- Sinn Sage & Zoey Holloway - Sex-poster.jpg,poster,dry-run
J:\My Movies\Music Concerts\bronze\Lesbian Sex 10\s4- Aaliyah Love & Lily Cade - Post Sex Interview-poster.jpg,s4- Aaliyah Love & Lily Cade - Post Sex Interview-poster.jpg,poster,dry-run
J:\My Movies\Music Concerts\bronze\Lesbian Sex 10\s4- Aaliyah Love & Lily Cade - Pre Sex Interview-poster.jpg,s4- Aaliyah Love & Lily Cade - Pre Sex Interview-poster.jpg,poster,dry-run
J:\My Movies\Music Concerts\bronze\Lesbian Sex 10\s4- Aaliyah Love & Lily Cade - Sex-poster.jpg,s4- Aaliyah Love & Lily Cade - Sex-poster.jpg,poster,dry-run
J:\My Movies\Music Concerts\bronze\Lesbian Sitters\1 - Maddy O'Reilly & Raylene-poster.jpg,1 - Maddy O'Reilly & Raylene-poster.jpg,poster,dry-run
J:\My Movies\Music Concerts\bronze\Lesbian Sitters\2 - Gia Steel & Presley Hart-poster.jpg,2 - Gia Steel & Presley Hart-poster.jpg,poster,dry-run
J:\My Movies\Music Concerts\bronze\Lesbian Sitters\3 - Zoey Nixon & Staci Silverstone-poster.jpg,3 - Zoey Nixon & Staci Silverstone-poster.jpg,poster,dry-run
J:\My Movies\Music Concerts\bronze\Lesbian Sitters\4 - Maddy O'Reilly & Laly-poster.jpg,4 - Maddy O'Reilly & Laly-poster.jpg,poster,dry-run
J:\My Movies\Music Concerts\bronze\Lesbian Triangles\SC1_xxx.styanulo.net_x.epidemz.com-poster.jpg,SC1_xxx.styanulo.net_x.epidemz.com-poster.jpg,poster,dry-run
J:\My Movies\Music Concerts\bronze\Lesbian Triangles\SC2_xxx.styanulo.net_x.epidemz.com-poster.jpg,SC2_xxx.styanulo.net_x.epidemz.com-poster.jpg,poster,dry-run
J:\My Movies\Music Concerts\bronze\Lesbian Triangles\SC3_xxx.styanulo.net_x.epidemz.com-poster.jpg,SC3_xxx.styanulo.net_x.epidemz.com-poster.jpg,poster,dry-run
J:\My Movies\Music Concerts\bronze\Lesbian Triangles\SC4_xxx.styanulo.net_x.epidemz.com-poster.jpg,SC4_xxx.styanulo.net_x.epidemz.com-poster.jpg,poster,dry-run
J:\My Movies\Music Concerts\bronze\misc\48260_01_hd-poster.jpg,48260_01_hd-poster.jpg,poster,dry-run
"J:\My Movies\Music Concerts\bronze\misc\Aahun Aahun remix [Low, 360p]-poster.jpg","Aahun Aahun remix [Low, 360p]-poster.jpg",poster,dry-run
"J:\My Movies\Music Concerts\bronze\misc\Bollywood Dance performance by the Mona Khan Company1 [Low, 360p]-poster.jpg","Bollywood Dance performance by the Mona Khan Company1 [Low, 360p]-poster.jpg",poster,dry-run
"J:\My Movies\Music Concerts\bronze\misc\Bollywood dance- Ghagra, jadoo ki jappi, dhating naach & high heels [Full HD]-poster.jpg","Bollywood dance- Ghagra, jadoo ki jappi, dhating naach & high heels [Full HD]-poster.jpg",poster,dry-run
"J:\My Movies\Music Concerts\bronze\misc\Bollywood Dance- manwa laage , ambarsariya & tu meri (New ending) [Full HD]-poster.jpg","Bollywood Dance- manwa laage , ambarsariya & tu meri (New ending) [Full HD]-poster.jpg",poster,dry-run
"J:\My Movies\Music Concerts\bronze\misc\Bollywood dance- Manwa Laage, Ambarsariya and Tu meri [Low, 360p]-poster.jpg","Bollywood dance- Manwa Laage, Ambarsariya and Tu meri [Low, 360p]-poster.jpg",poster,dry-run
"J:\My Movies\Music Concerts\bronze\misc\Bollywood dance- Radha Nachegi, 1234 get on the dance floor & Lonom Thumakda [Full HD]-poster.jpg","Bollywood dance- Radha Nachegi, 1234 get on the dance floor & Lonom Thumakda [Full HD]-poster.jpg",poster,dry-run
"J:\My Movies\Music Concerts\bronze\misc\Bollywood dance- Show me your jalwa, Chamak challo & Ainvayi Ainvayi [Full HD]-poster.jpg","Bollywood dance- Show me your jalwa, Chamak challo & Ainvayi Ainvayi [Full HD]-poster.jpg",poster,dry-run
J:\My Movies\Music Concerts\bronze\misc\Bollywood dance- Silsila ye chaahat ka and Dola re dola [Full HD]-poster.jpg,Bollywood dance- Silsila ye chaahat ka and Dola re dola [Full HD]-poster.jpg,poster,dry-run
J:\My Movies\Music Concerts\bronze\misc\Cultural Night 2013 Bollywood Dance [Full HD]-poster.jpg,Cultural Night 2013 Bollywood Dance [Full HD]-poster.jpg,poster,dry-run
J:\My Movies\Music Concerts\bronze\misc\gcremove-poster.jpg,gcremove-poster.jpg,poster,dry-run
J:\My Movies\Music Concerts\bronze\misc\idgdanceinhotsk-poster.jpg,idgdanceinhotsk-poster.jpg,poster,dry-run
J:\My Movies\Music Concerts\bronze\misc\kamasundari_full by Saur-poster.jpg,kamasundari_full by Saur-poster.jpg,poster,dry-run
J:\My Movies\Music Concerts\bronze\misc\Secret Desire (1985) Le Secret d'Elise-poster.jpg,Secret Desire (1985) Le Secret d'Elise-poster.jpg,poster,dry-run
J:\My Movies\Music Concerts\bronze\misc\viv.16.04.13.lena.love.and.violette.pink.blissful-poster.jpg,viv.16.04.13.lena.love.and.violette.pink.blissful-poster.jpg,poster,dry-run
J:\My Movies\Music Concerts\bronze\misc\ytlsmsant01-poster.jpg,ytlsmsant01-poster.jpg,poster,dry-run
J:\My Movies\Music Concerts\bronze\misc\ytlsmsant02-poster.jpg,ytlsmsant02-poster.jpg,poster,dry-run
J:\My Movies\Music Concerts\bronze\misc\ytlsmshan01-poster.jpg,ytlsmshan01-poster.jpg,poster,dry-run
J:\My Movies\Music Concerts\bronze\misc\ytlsmshan02-poster.jpg,ytlsmshan02-poster.jpg,poster,dry-run
J:\My Movies\Music Concerts\bronze\misc\ytlsmshan03-poster.jpg,ytlsmshan03-poster.jpg,poster,dry-run
J:\My Movies\Music Concerts\bronze\misc\ytlsmshan04-poster.jpg,ytlsmshan04-poster.jpg,poster,dry-run
J:\My Movies\Music Concerts\bronze\misc\ytlsmshan10-poster.jpg,ytlsmshan10-poster.jpg,poster,dry-run
J:\My Movies\Music Concerts\bronze\misc\_tmp_video_1446993361600-poster.jpg,_tmp_video_1446993361600-poster.jpg,poster,dry-run
J:\My Movies\Music Concerts\bronze\misc\boohoo\1981a07c-3f4b-4ec6-9e0f-01d1db79b6c5-poster.jpg,1981a07c-3f4b-4ec6-9e0f-01d1db79b6c5-poster.jpg,poster,dry-run
J:\My Movies\Music Concerts\bronze\misc\boohoo\42382055-e8cd-4b7e-bbd2-e0047d9d6129-poster.jpg,42382055-e8cd-4b7e-bbd2-e0047d9d6129-poster.jpg,poster,dry-run
J:\My Movies\Music Concerts\bronze\misc\boohoo\613e4de4-0c42-473f-a575-0f62d1b11e9f-poster.jpg,613e4de4-0c42-473f-a575-0f62d1b11e9f-poster.jpg,poster,dry-run
J:\My Movies\Music Concerts\bronze\misc\boohoo\88d040a6-6eea-4389-b668-de96df649d80-poster.jpg,88d040a6-6eea-4389-b668-de96df649d80-poster.jpg,poster,dry-run
J:\My Movies\Music Concerts\bronze\misc\boohoo\aad3f1bc-ba25-46b0-ae30-545261e76a9a-poster.jpg,aad3f1bc-ba25-46b0-ae30-545261e76a9a-poster.jpg,poster,dry-run
J:\My Movies\Music Concerts\bronze\misc\boohoo\d368718b-dc98-45f6-964c-677430128bf8-poster.jpg,d368718b-dc98-45f6-964c-677430128bf8-poster.jpg,poster,dry-run
J:\My Movies\Music Concerts\bronze\misc\boohoo\dd594b3b-8283-4033-a8ad-948906e43204-poster.jpg,dd594b3b-8283-4033-a8ad-948906e43204-poster.jpg,poster,dry-run
J:\My Movies\Music Concerts\bronze\misc\boohoo\e11735dc-127e-4ddc-ac8d-c3af260e8ba8-poster.jpg,e11735dc-127e-4ddc-ac8d-c3af260e8ba8-poster.jpg,poster,dry-run
"J:\My Movies\Music Concerts\bronze\misc\lg\Advent Special 7th December EXCLUSIVE [Full HD,1080p]-poster.jpg","Advent Special 7th December EXCLUSIVE [Full HD,1080p]-poster.jpg",poster,dry-run
"J:\My Movies\Music Concerts\bronze\misc\lg\Ali and Gabby do Pamela Mann mockings EXCLUSIVE [Full HD,1080p]-poster.jpg","Ali and Gabby do Pamela Mann mockings EXCLUSIVE [Full HD,1080p]-poster.jpg",poster,dry-run
J:\My Movies\Music Concerts\bronze\misc\lg\Ali tries out these Pamela Mann Twister tights [Full HD]-poster.jpg,Ali tries out these Pamela Mann Twister tights [Full HD]-poster.jpg,poster,dry-run
J:\My Movies\Music Concerts\bronze\misc\lg\Ali wears Miss Naughty tights available from TheTightSpot.com [Full HD]-poster.jpg,Ali wears Miss Naughty tights available from TheTightSpot.com [Full HD]-poster.jpg,poster,dry-run
J:\My Movies\Music Concerts\bronze\misc\lg\Antonia - Le Bourget Collant Phedre (HD)-poster.jpg,Antonia - Le Bourget Collant Phedre (HD)-poster.jpg,poster,dry-run
J:\My Movies\Music Concerts\bronze\misc\lg\Antonia in Charnos diamond fashion tights ([Full HD])-poster.jpg,Antonia in Charnos diamond fashion tights ([Full HD])-poster.jpg,poster,dry-run
J:\My Movies\Music Concerts\bronze\misc\lg\Antonia models these random tights from China called Sexy ([Full HD])-poster.jpg,Antonia models these random tights from China called Sexy ([Full HD])-poster.jpg,poster,dry-run
J:\My Movies\Music Concerts\bronze\misc\lg\Antonia on Cavallini Fishnet Tights (HD)-poster.jpg,Antonia on Cavallini Fishnet Tights (HD)-poster.jpg,poster,dry-run
J:\My Movies\Music Concerts\bronze\misc\lg\Antonia on Gabriella Holdups (HD)-poster.jpg,Antonia on Gabriella Holdups (HD)-poster.jpg,poster,dry-run
J:\My Movies\Music Concerts\bronze\misc\lg\Antonia reviews Cette sheer black tights ([Full HD])-poster.jpg,Antonia reviews Cette sheer black tights ([Full HD])-poster.jpg,poster,dry-run
J:\My Movies\Music Concerts\bronze\misc\lg\Antonia reviews Fiore Holdups donated by StockingsHQ ([Full HD])-poster.jpg,Antonia reviews Fiore Holdups donated by StockingsHQ ([Full HD])-poster.jpg,poster,dry-run
J:\My Movies\Music Concerts\bronze\misc\lg\Antonia reviews Wolford Flora Tights ([Full HD])-poster.jpg,Antonia reviews Wolford Flora Tights ([Full HD])-poster.jpg,poster,dry-run
J:\My Movies\Music Concerts\bronze\misc\lg\Antonia styles Adrian Mock Suspenders ([Full HD])-poster.jpg,Antonia styles Adrian Mock Suspenders ([Full HD])-poster.jpg,poster,dry-run
J:\My Movies\Music Concerts\bronze\misc\lg\Antonia styles Aristoc Chevron tights ([Full HD])-poster.jpg,Antonia styles Aristoc Chevron tights ([Full HD])-poster.jpg,poster,dry-run
J:\My Movies\Music Concerts\bronze\misc\lg\Antonia styles Gatta FiFi tights ([Full HD])-poster.jpg,Antonia styles Gatta FiFi tights ([Full HD])-poster.jpg,poster,dry-run
J:\My Movies\Music Concerts\bronze\misc\lg\Antonia tries Falke Frames tights ([Full HD])-poster.jpg,Antonia tries Falke Frames tights ([Full HD])-poster.jpg,poster,dry-run
J:\My Movies\Music Concerts\bronze\misc\lg\Antonia tries Mary PortasCharnos tights ([Full HD])-poster.jpg,Antonia tries Mary PortasCharnos tights ([Full HD])-poster.jpg,poster,dry-run
J:\My Movies\Music Concerts\bronze\misc\lg\Antonia tries tights by Wonderbra ([Full HD])-poster.jpg,Antonia tries tights by Wonderbra ([Full HD])-poster.jpg,poster,dry-run
J:\My Movies\Music Concerts\bronze\misc\lg\Antonia wears Adrian Nora tights (HD)-poster.jpg,Antonia wears Adrian Nora tights (HD)-poster.jpg,poster,dry-run
J:\My Movies\Music Concerts\bronze\misc\lg\Antonia wears Autograph tights from Marks and Spencer (HD)-poster.jpg,Antonia wears Autograph tights from Marks and Spencer (HD)-poster.jpg,poster,dry-run
J:\My Movies\Music Concerts\bronze\misc\lg\Antonia wears black fishnet tights ([Full HD])-poster.jpg,Antonia wears black fishnet tights ([Full HD])-poster.jpg,poster,dry-run
J:\My Movies\Music Concerts\bronze\misc\lg\Antonia wears Cinderella tights ([Full HD])-poster.jpg,Antonia wears Cinderella tights ([Full HD])-poster.jpg,poster,dry-run
J:\My Movies\Music Concerts\bronze\misc\lg\Antonia wears Elle Panache tights (HD)-poster.jpg,Antonia wears Elle Panache tights (HD)-poster.jpg,poster,dry-run
J:\My Movies\Music Concerts\bronze\misc\lg\Antonia wears Jonathan Aston Chaos tights ([Full HD])-poster.jpg,Antonia wears Jonathan Aston Chaos tights ([Full HD])-poster.jpg,poster,dry-run
J:\My Movies\Music Concerts\bronze\misc\lg\Antonia wears Jonathan Aston Suspended tights (HD)-poster.jpg,Antonia wears Jonathan Aston Suspended tights (HD)-poster.jpg,poster,dry-run
J:\My Movies\Music Concerts\bronze\misc\lg\Antonia wears Luisa Maria Lugli Swirl tights ([Full HD])-poster.jpg,Antonia wears Luisa Maria Lugli Swirl tights ([Full HD])-poster.jpg,poster,dry-run
J:\My Movies\Music Concerts\bronze\misc\lg\Antonia wears tartan tights by Silky ([Full HD])-poster.jpg,Antonia wears tartan tights by Silky ([Full HD])-poster.jpg,poster,dry-run
"J:\My Movies\Music Concerts\bronze\misc\lg\Bonnie displays the Gatta Red Rose Bodystocking EXCLUSIVE [Full HD,1080p]-poster.jpg","Bonnie displays the Gatta Red Rose Bodystocking EXCLUSIVE [Full HD,1080p]-poster.jpg",poster,dry-run
"J:\My Movies\Music Concerts\bronze\misc\lg\Bonnie models this Adrian Bodystocking EXCLUSIVE [Full HD,1080p]-poster.jpg","Bonnie models this Adrian Bodystocking EXCLUSIVE [Full HD,1080p]-poster.jpg",poster,dry-run
"J:\My Movies\Music Concerts\bronze\misc\lg\Bonnie puts these Elleny Felicia tights to the test EXCLUSIVE [Full HD,1080p]-poster.jpg","Bonnie puts these Elleny Felicia tights to the test EXCLUSIVE [Full HD,1080p]-poster.jpg",poster,dry-run
"J:\My Movies\Music Concerts\bronze\misc\lg\Bonnie shows Adrian Mock Suspender tights EXCLUSIVE [Full HD,1080p]-poster.jpg","Bonnie shows Adrian Mock Suspender tights EXCLUSIVE [Full HD,1080p]-poster.jpg",poster,dry-run
"J:\My Movies\Music Concerts\bronze\misc\lg\Bonnie Strip Panty Part 2 EXCLUSIVE [Full HD,1080p]-poster.jpg","Bonnie Strip Panty Part 2 EXCLUSIVE [Full HD,1080p]-poster.jpg",poster,dry-run
J:\My Movies\Music Concerts\bronze\misc\lg\Charnos Bridal Stockings Review-poster.jpg,Charnos Bridal Stockings Review-poster.jpg,poster,dry-run
J:\My Movies\Music Concerts\bronze\misc\lg\Dee reviews Fiore tights Gladys [Full HD]-poster.jpg,Dee reviews Fiore tights Gladys [Full HD]-poster.jpg,poster,dry-run
J:\My Movies\Music Concerts\bronze\misc\lg\Dee reviews Pamela Mann OTK tights-poster.jpg,Dee reviews Pamela Mann OTK tights-poster.jpg,poster,dry-run
J:\My Movies\Music Concerts\bronze\misc\lg\Dee reviews these fantastic Pretty Polly -Cheeky- tights-poster.jpg,Dee reviews these fantastic Pretty Polly -Cheeky- tights-poster.jpg,poster,dry-run
J:\My Movies\Music Concerts\bronze\misc\lg\Dee reviews these Fiore Jordanna stockings-poster.jpg,Dee reviews these Fiore Jordanna stockings-poster.jpg,poster,dry-run
J:\My Movies\Music Concerts\bronze\misc\lg\Dee styles Tianzi Ballet Wrap tights-poster.jpg,Dee styles Tianzi Ballet Wrap tights-poster.jpg,poster,dry-run
J:\My Movies\Music Concerts\bronze\misc\lg\Dee wears Mona -Elena- tights-poster.jpg,Dee wears Mona -Elena- tights-poster.jpg,poster,dry-run
J:\My Movies\Music Concerts\bronze\misc\lg\Dee wears tights from Couture-poster.jpg,Dee wears tights from Couture-poster.jpg,poster,dry-run
J:\My Movies\Music Concerts\bronze\misc\lg\Dee with mock suspenders by Tess ([Full HD])-poster.jpg,Dee with mock suspenders by Tess ([Full HD])-poster.jpg,poster,dry-run
J:\My Movies\Music Concerts\bronze\misc\lg\Dee's Manzi Tights Review-poster.jpg,Dee's Manzi Tights Review-poster.jpg,poster,dry-run
J:\My Movies\Music Concerts\bronze\misc\lg\Dee's Review of Black Opaque Trasparenze Tights-poster.jpg,Dee's Review of Black Opaque Trasparenze Tights-poster.jpg,poster,dry-run
J:\My Movies\Music Concerts\bronze\misc\lg\Gabrielle models Pierre Mantoux Setificato 40 tights [Full HD]-poster.jpg,Gabrielle models Pierre Mantoux Setificato 40 tights [Full HD]-poster.jpg,poster,dry-run
J:\My Movies\Music Concerts\bronze\misc\lg\Gabrielle tries out Pamela Mann leopard print tights ([Full HD])-poster.jpg,Gabrielle tries out Pamela Mann leopard print tights ([Full HD])-poster.jpg,poster,dry-run
J:\My Movies\Music Concerts\bronze\misc\lg\Gabrielles First Review - Conte tights ([Full HD])-poster.jpg,Gabrielles First Review - Conte tights ([Full HD])-poster.jpg,poster,dry-run
J:\My Movies\Music Concerts\bronze\misc\lg\Get to know Antonia a little better! ([Full HD])-poster.jpg,Get to know Antonia a little better! ([Full HD])-poster.jpg,poster,dry-run
"J:\My Movies\Music Concerts\bronze\misc\lg\Hannah Belleisi tights UK Bank Holiday EXCLUSIVE [Full HD,1080p]-poster.jpg","Hannah Belleisi tights UK Bank Holiday EXCLUSIVE [Full HD,1080p]-poster.jpg",poster,dry-run
J:\My Movies\Music Concerts\bronze\misc\lg\Hannah wears Gatta Girl Up [Full HD]-poster.jpg,Hannah wears Gatta Girl Up [Full HD]-poster.jpg,poster,dry-run
"J:\My Movies\Music Concerts\bronze\misc\lg\Helen in Gatta Brigitte fishnets EXCLUSIVE [Full HD,1080p]-poster.jpg","Helen in Gatta Brigitte fishnets EXCLUSIVE [Full HD,1080p]-poster.jpg",poster,dry-run
J:\My Movies\Music Concerts\bronze\misc\lg\Helen wears Adrian Lena tights [Full HD]-poster.jpg,Helen wears Adrian Lena tights [Full HD]-poster.jpg,poster,dry-run
J:\My Movies\Music Concerts\bronze\misc\lg\Heres Laura-Graces report on the Hanes Silk Reflections tights [Full HD]-poster.jpg,Heres Laura-Graces report on the Hanes Silk Reflections tights [Full HD]-poster.jpg,poster,dry-run
"J:\My Movies\Music Concerts\bronze\misc\lg\Kat lounges in Gatta Euphoria tights EXCLUSIVE [Full HD,1080p]-poster.jpg","Kat lounges in Gatta Euphoria tights EXCLUSIVE [Full HD,1080p]-poster.jpg",poster,dry-run
J:\My Movies\Music Concerts\bronze\misc\lg\Kat review of Pamela Mann Tightrope Walker tights (HD)-poster.jpg,Kat review of Pamela Mann Tightrope Walker tights (HD)-poster.jpg,poster,dry-run
J:\My Movies\Music Concerts\bronze\misc\lg\Laura gives thumbs up to these Tia Tights Penny Royal ([Full HD])-poster.jpg,Laura gives thumbs up to these Tia Tights Penny Royal ([Full HD])-poster.jpg,poster,dry-run
J:\My Movies\Music Concerts\bronze\misc\lg\Laura reviews Lady Sofia Divnatights ([Full HD])-poster.jpg,Laura reviews Lady Sofia Divnatights ([Full HD])-poster.jpg,poster,dry-run
J:\My Movies\Music Concerts\bronze\misc\lg\Laura reviews Oroblu Miss tights ([Full HD])-poster.jpg,Laura reviews Oroblu Miss tights ([Full HD])-poster.jpg,poster,dry-run
J:\My Movies\Music Concerts\bronze\misc\lg\Laura styles Silky Vine fishnets ([Full HD])-poster.jpg,Laura styles Silky Vine fishnets ([Full HD])-poster.jpg,poster,dry-run
J:\My Movies\Music Concerts\bronze\misc\lg\Laura styles these fantastic Gatta Ronna tights ([Full HD])-poster.jpg,Laura styles these fantastic Gatta Ronna tights ([Full HD])-poster.jpg,poster,dry-run
J:\My Movies\Music Concerts\bronze\misc\lg\Laura tries Paula tights by Aleksandra ([Full HD])-poster.jpg,Laura tries Paula tights by Aleksandra ([Full HD])-poster.jpg,poster,dry-run
J:\My Movies\Music Concerts\bronze\misc\lg\Laura wears Tia Tights Hugs and Kisses ([Full HD])-poster.jpg,Laura wears Tia Tights Hugs and Kisses ([Full HD])-poster.jpg,poster,dry-run
J:\My Movies\Music Concerts\bronze\misc\lg\Laura-Grace wears Gatta Sweety tights [Full HD]-poster.jpg,Laura-Grace wears Gatta Sweety tights [Full HD]-poster.jpg,poster,dry-run
J:\My Movies\Music Concerts\bronze\misc\lg\Lily and Antonia compare two pairs of tights from the same brand (HD)-poster.jpg,Lily and Antonia compare two pairs of tights from the same brand (HD)-poster.jpg,poster,dry-run
J:\My Movies\Music Concerts\bronze\misc\lg\Lily and Antonia review tights from the new Gipsy range ([Full HD])-poster.jpg,Lily and Antonia review tights from the new Gipsy range ([Full HD])-poster.jpg,poster,dry-run
J:\My Movies\Music Concerts\bronze\misc\lg\Outfit of the Day UK - Elle Fashion Tights (HD)-poster.jpg,Outfit of the Day UK - Elle Fashion Tights (HD)-poster.jpg,poster,dry-run
J:\My Movies\Music Concerts\bronze\misc\lg\Outfit of the Day UK - Jonathan Aston Over-Knee socks ([Full HD])-poster.jpg,Outfit of the Day UK - Jonathan Aston Over-Knee socks ([Full HD])-poster.jpg,poster,dry-run
J:\My Movies\Music Concerts\bronze\misc\lg\Outfit Of The Day UK - Jonathan Aston Rebel Tights ([Full HD])-poster.jpg,Outfit Of The Day UK - Jonathan Aston Rebel Tights ([Full HD])-poster.jpg,poster,dry-run
J:\My Movies\Music Concerts\bronze\misc\lg\Outfit of the Day UK - Winter day tights (HD)-poster.jpg,Outfit of the Day UK - Winter day tights (HD)-poster.jpg,poster,dry-run
J:\My Movies\Music Concerts\bronze\misc\lg\Paiton reviews Fiore Promise tights ([Full HD])-poster.jpg,Paiton reviews Fiore Promise tights ([Full HD])-poster.jpg,poster,dry-run
J:\My Movies\Music Concerts\bronze\misc\lg\Paiton rocks Fiore Geraldine Tights-poster.jpg,Paiton rocks Fiore Geraldine Tights-poster.jpg,poster,dry-run
J:\My Movies\Music Concerts\bronze\misc\lg\Paiton shows off these Mona Velia tights -EXCLUSIVE--poster.jpg,Paiton shows off these Mona Velia tights -EXCLUSIVE--poster.jpg,poster,dry-run
J:\My Movies\Music Concerts\bronze\misc\lg\Paiton wears Gatta Tights with clothes sent by CNDirect.com [Full HD]-poster.jpg,Paiton wears Gatta Tights with clothes sent by CNDirect.com [Full HD]-poster.jpg,poster,dry-run
J:\My Movies\Music Concerts\bronze\misc\lg\Paiton wears Noo Mirror tights by Knittex -EXCLUSIVE--poster.jpg,Paiton wears Noo Mirror tights by Knittex -EXCLUSIVE--poster.jpg,poster,dry-run
J:\My Movies\Music Concerts\bronze\misc\lg\Paiton's Ballerina ART301 review - Exclusive edit -EXCLUSIVE--poster.jpg,Paiton's Ballerina ART301 review - Exclusive edit -EXCLUSIVE--poster.jpg,poster,dry-run
J:\My Movies\Music Concerts\bronze\misc\lg\Rebecca experiments with Tia Tights Eliza ([Full HD])-poster.jpg,Rebecca experiments with Tia Tights Eliza ([Full HD])-poster.jpg,poster,dry-run
J:\My Movies\Music Concerts\bronze\misc\lg\Rebecca Funpol Ava tights ([Full HD])-poster.jpg,Rebecca Funpol Ava tights ([Full HD])-poster.jpg,poster,dry-run
J:\My Movies\Music Concerts\bronze\misc\lg\Rebecca gets her hands on these Funpol tights (Model 009) ([Full HD])(1)-poster.jpg,Rebecca gets her hands on these Funpol tights (Model 009) ([Full HD])(1)-poster.jpg,poster,dry-run
J:\My Movies\Music Concerts\bronze\misc\lg\Rebecca gets her hands on these Funpol tights (Model 009) ([Full HD])-poster.jpg,Rebecca gets her hands on these Funpol tights (Model 009) ([Full HD])-poster.jpg,poster,dry-run
J:\My Movies\Music Concerts\bronze\misc\lg\Rebecca reviews Fiore tights Sheila [Full HD]-poster.jpg,Rebecca reviews Fiore tights Sheila [Full HD]-poster.jpg,poster,dry-run
J:\My Movies\Music Concerts\bronze\misc\lg\Rebecca reviews Pamela Mann Scream tights ([Full HD])-poster.jpg,Rebecca reviews Pamela Mann Scream tights ([Full HD])-poster.jpg,poster,dry-run
J:\My Movies\Music Concerts\bronze\misc\lg\Rebecca styles Gatta Dotsy Model 3 tights ([Full HD])-poster.jpg,Rebecca styles Gatta Dotsy Model 3 tights ([Full HD])-poster.jpg,poster,dry-run
J:\My Movies\Music Concerts\bronze\misc\lg\Rebecca styles Girl Up 14 mock suspender tights [Full HD]-poster.jpg,Rebecca styles Girl Up 14 mock suspender tights [Full HD]-poster.jpg,poster,dry-run
J:\My Movies\Music Concerts\bronze\misc\lg\Sarah reviews Jonathon Aston Opaque tights [Full HD]-poster.jpg,Sarah reviews Jonathon Aston Opaque tights [Full HD]-poster.jpg,poster,dry-run
J:\My Movies\Music Concerts\bronze\misc\lg\The Legslavish Lucky Dip Bag #7 ([Full HD])-poster.jpg,The Legslavish Lucky Dip Bag #7 ([Full HD])-poster.jpg,poster,dry-run
J:\My Movies\Music Concerts\bronze\misc\lg\Tights of the Day - FAST for Jonathan Aston ([Full HD])-poster.jpg,Tights of the Day - FAST for Jonathan Aston ([Full HD])-poster.jpg,poster,dry-run
J:\My Movies\Music Concerts\bronze\misc\lg\Tights of the Day - Henry Holland Mock OTK Socks ([Full HD])-poster.jpg,Tights of the Day - Henry Holland Mock OTK Socks ([Full HD])-poster.jpg,poster,dry-run
J:\My Movies\Music Concerts\bronze\misc\lg\Tights of the Day - Henry Holland Stalagtights ([Full HD])-poster.jpg,Tights of the Day - Henry Holland Stalagtights ([Full HD])-poster.jpg,poster,dry-run
J:\My Movies\Music Concerts\bronze\misc\lg\Tights of the Day - Trasparenze toeless tights (HD)-poster.jpg,Tights of the Day - Trasparenze toeless tights (HD)-poster.jpg,poster,dry-run
J:\My Movies\Music Concerts\bronze\misc\lg\Tights Outfit of the Day - Cette Review ([Full HD])-poster.jpg,Tights Outfit of the Day - Cette Review ([Full HD])-poster.jpg,poster,dry-run
J:\My Movies\Music Concerts\bronze\misc\lg\Tights Outfit of the Day - Opaque Footless Tights ([Full HD])-poster.jpg,Tights Outfit of the Day - Opaque Footless Tights ([Full HD])-poster.jpg,poster,dry-run
J:\My Movies\Music Concerts\bronze\misc\lg\Tights Outfit of the Day - Phyiren Mock Suspenders-poster.jpg,Tights Outfit of the Day - Phyiren Mock Suspenders-poster.jpg,poster,dry-run
J:\My Movies\Music Concerts\bronze\misc\lg\Wolford Wilderness tights donated by Amanda (HD)-poster.jpg,Wolford Wilderness tights donated by Amanda (HD)-poster.jpg,poster,dry-run
J:\My Movies\Music Concerts\bronze\misc\plt\thalita\391891048-poster.jpg,391891048-poster.jpg,poster,dry-run
J:\My Movies\Music Concerts\bronze\misc\plt\thalita\403849615-poster.jpg,403849615-poster.jpg,poster,dry-run
J:\My Movies\Music Concerts\bronze\misc\plt\thalita\403849638-poster.jpg,403849638-poster.jpg,poster,dry-run
J:\My Movies\Music Concerts\bronze\misc\plt\thalita\403849813-poster.jpg,403849813-poster.jpg,poster,dry-run
J:\My Movies\Music Concerts\bronze\misc\plt\thalita\413697111-poster.jpg,413697111-poster.jpg,poster,dry-run
J:\My Movies\Music Concerts\bronze\misc\plt\thalita\413697546-poster.jpg,413697546-poster.jpg,poster,dry-run
J:\My Movies\Music Concerts\bronze\misc\plt\thalita\418669041-poster.jpg,418669041-poster.jpg,poster,dry-run
J:\My Movies\Music Concerts\bronze\misc\plt\thalita\435344861-poster.jpg,435344861-poster.jpg,poster,dry-run
J:\My Movies\Music Concerts\bronze\misc\plt\thalita\443534220-poster.jpg,443534220-poster.jpg,poster,dry-run
J:\My Movies\Music Concerts\bronze\misc\plt\thalita\443534238-poster.jpg,443534238-poster.jpg,poster,dry-run
J:\My Movies\Music Concerts\bronze\misc\plt\thalita\443539952-poster.jpg,443539952-poster.jpg,poster,dry-run
J:\My Movies\Music Concerts\bronze\That's So Lesbian\s1- Gracie Glam & Celeste Star-poster.jpg,s1- Gracie Glam & Celeste Star-poster.jpg,poster,dry-run
J:\My Movies\Music Concerts\bronze\That's So Lesbian\s2- Kiera Winters & Elle Alexandra-poster.jpg,s2- Kiera Winters & Elle Alexandra-poster.jpg,poster,dry-run
J:\My Movies\Music Concerts\bronze\That's So Lesbian\s3- Lena Nicole & Hayden Hawkens-poster.jpg,s3- Lena Nicole & Hayden Hawkens-poster.jpg,poster,dry-run
J:\My Movies\Music Concerts\bronze\That's So Lesbian\s4- Cherie DeVille & Aaliyah Love-poster.jpg,s4- Cherie DeVille & Aaliyah Love-poster.jpg,poster,dry-run
J:\My Movies\Music Concerts\bronze\That's So Lesbian\solo\bonus solo -s1- Lena Nicole-poster.jpg,bonus solo -s1- Lena Nicole-poster.jpg,poster,dry-run
J:\My Movies\Music Concerts\bronze\That's So Lesbian\solo\bonus solo -s2- Gracie Glam-poster.jpg,bonus solo -s2- Gracie Glam-poster.jpg,poster,dry-run
J:\My Movies\Music Concerts\bronze\That's So Lesbian\solo\bonus solo -s3- Elle Alexandra-poster.jpg,bonus solo -s3- Elle Alexandra-poster.jpg,poster,dry-run
J:\My Movies\Music Concerts\bronze\That's So Lesbian\solo\bonus solo -s4- Kiera Winters-poster.jpg,bonus solo -s4- Kiera Winters-poster.jpg,poster,dry-run
J:\My Movies\Music Concerts\bronze\The Creepers Family 2\02 The Creepers Family 2 (2013) [WEBRip][WwW.LoKoTorrents.CoM]-poster.jpg,02 The Creepers Family 2 (2013) [WEBRip][WwW.LoKoTorrents.CoM]-poster.jpg,poster,dry-run
J:\My Movies\Music Concerts\bronze\The Creepers Family 2\03 The Creepers Family 2 (2013) [WEBRip][WwW.LoKoTorrents.CoM]-poster.jpg,03 The Creepers Family 2 (2013) [WEBRip][WwW.LoKoTorrents.CoM]-poster.jpg,poster,dry-run
J:\My Movies\Music Concerts\bronze\The Creepers Family 2\04 The Creepers Family 2 (2013) [WEBRip][WwW.LoKoTorrents.CoM]-poster.jpg,04 The Creepers Family 2 (2013) [WEBRip][WwW.LoKoTorrents.CoM]-poster.jpg,poster,dry-run
J:\My Movies\Music Concerts\bronze\The Creepers Family 2\The Creepers Family 2 - 01-poster.jpg,The Creepers Family 2 - 01-poster.jpg,poster,dry-run
J:\My Movies\Music Concerts\gold\klam01-poster.jpg,klam01-poster.jpg,poster,dry-run
J:\My Movies\Music Concerts\gold\lhvypet1-poster.jpg,lhvypet1-poster.jpg,poster,dry-run
J:\My Movies\Music Concerts\gold\lhvypet2-poster.jpg,lhvypet2-poster.jpg,poster,dry-run
J:\My Movies\Music Concerts\gold\lpd07b-poster.jpg,lpd07b-poster.jpg,poster,dry-run
J:\My Movies\Music Concerts\gold\lpd10a-poster.jpg,lpd10a-poster.jpg,poster,dry-run
J:\My Movies\Music Concerts\gold\lsis01-poster.jpg,lsis01-poster.jpg,poster,dry-run
J:\My Movies\Music Concerts\gold\lslumkg1b-poster.jpg,lslumkg1b-poster.jpg,poster,dry-run
J:\My Movies\Music Concerts\gold\ltod07a-poster.jpg,ltod07a-poster.jpg,poster,dry-run
J:\My Movies\Music Concerts\gold\ltod07b-poster.jpg,ltod07b-poster.jpg,poster,dry-run
J:\My Movies\Music Concerts\gold\nsk08-poster.jpg,nsk08-poster.jpg,poster,dry-run
J:\My Movies\Music Concerts\gold\pmml03b-poster.jpg,pmml03b-poster.jpg,poster,dry-run
J:\My Movies\Music Concerts\silver\lbaby06a-poster.jpg,lbaby06a-poster.jpg,poster,dry-run
J:\My Movies\Music Concerts\silver\lgcounsel01-poster.jpg,lgcounsel01-poster.jpg,poster,dry-run
J:\My Movies\Music Concerts\silver\lpd10b-poster.jpg,lpd10b-poster.jpg,poster,dry-run
J:\My Movies\Music Concerts\silver\lpd12-poster.jpg,lpd12-poster.jpg,poster,dry-run
J:\My Movies\Music Concerts\silver\nsk04a-poster.jpg,nsk04a-poster.jpg,poster,dry-run
J:\My Movies\Music Concerts\silver\nsk06a-poster.jpg,nsk06a-poster.jpg,poster,dry-run
J:\My Movies\Music Concerts\silver\nsk09-poster.jpg,nsk09-poster.jpg,poster,dry-run
J:\My Movies\Music Concerts\silver\pmml01c-poster.jpg,pmml01c-poster.jpg,poster,dry-run
J:\My Movies\Music Concerts\silver\pmml04a-poster.jpg,pmml04a-poster.jpg,poster,dry-run
J:\My Movies\Music Concerts\silver\pmml04b-poster.jpg,pmml04b-poster.jpg,poster,dry-run
J:\My Movies\Music Concerts\silver\pmml05b-poster.jpg,pmml05b-poster.jpg,poster,dry-run
J:\My Movies\Music Concerts\bronze\lbaby01-poster.jpg,lbaby01-poster.jpg,poster,apply
J:\My Movies\Music Concerts\bronze\lbaby06b-poster.jpg,lbaby06b-poster.jpg,poster,apply
J:\My Movies\Music Concerts\bronze\lbaby08-poster.jpg,lbaby08-poster.jpg,poster,apply
J:\My Movies\Music Concerts\bronze\lbaby09-poster.jpg,lbaby09-poster.jpg,poster,apply
J:\My Movies\Music Concerts\bronze\lcrstor-poster.jpg,lcrstor-poster.jpg,poster,apply
J:\My Movies\Music Concerts\bronze\Lesbian Psychodramas 25-poster.jpg,Lesbian Psychodramas 25-poster.jpg,poster,apply
J:\My Movies\Music Concerts\bronze\Lesbian Psychodramas 26-poster.jpg,Lesbian Psychodramas 26-poster.jpg,poster,apply
J:\My Movies\Music Concerts\bronze\leschsqsleep06-poster.jpg,leschsqsleep06-poster.jpg,poster,apply
J:\My Movies\Music Concerts\bronze\leschsqsleep08s1-poster.jpg,leschsqsleep08s1-poster.jpg,poster,apply
J:\My Movies\Music Concerts\bronze\leschsqsleep08s2-poster.jpg,leschsqsleep08s2-poster.jpg,poster,apply
J:\My Movies\Music Concerts\bronze\leschsqsleep08s3-poster.jpg,leschsqsleep08s3-poster.jpg,poster,apply
J:\My Movies\Music Concerts\bronze\leschsqsleep08s4-poster.jpg,leschsqsleep08s4-poster.jpg,poster,apply
J:\My Movies\Music Concerts\bronze\leschsqsleep09-poster.jpg,leschsqsleep09-poster.jpg,poster,apply
J:\My Movies\Music Concerts\bronze\leschsqsleep10-poster.jpg,leschsqsleep10-poster.jpg,poster,apply
J:\My Movies\Music Concerts\bronze\leschsqsleep11s3-poster.jpg,leschsqsleep11s3-poster.jpg,poster,apply
J:\My Movies\Music Concerts\bronze\lesforfru-poster.jpg,lesforfru-poster.jpg,poster,apply
J:\My Movies\Music Concerts\bronze\leshouhun07-poster.jpg,leshouhun07-poster.jpg,poster,apply
J:\My Movies\Music Concerts\bronze\leshouhun0801-poster.jpg,leshouhun0801-poster.jpg,poster,apply
J:\My Movies\Music Concerts\bronze\leshouhun0802-poster.jpg,leshouhun0802-poster.jpg,poster,apply
J:\My Movies\Music Concerts\bronze\leshouhun0803-poster.jpg,leshouhun0803-poster.jpg,poster,apply
J:\My Movies\Music Concerts\bronze\leshouhun0804-poster.jpg,leshouhun0804-poster.jpg,poster,apply
J:\My Movies\Music Concerts\bronze\leshouhun10-poster.jpg,leshouhun10-poster.jpg,poster,apply
J:\My Movies\Music Concerts\bronze\lesint01-poster.jpg,lesint01-poster.jpg,poster,apply
J:\My Movies\Music Concerts\bronze\lesint02-poster.jpg,lesint02-poster.jpg,poster,apply
J:\My Movies\Music Concerts\bronze\lesint03-poster.jpg,lesint03-poster.jpg,poster,apply
J:\My Movies\Music Concerts\bronze\leslom2-poster.jpg,leslom2-poster.jpg,poster,apply
J:\My Movies\Music Concerts\bronze\lesnsk08-poster.jpg,lesnsk08-poster.jpg,poster,apply
J:\My Movies\Music Concerts\bronze\lesnsk11s1-poster.jpg,lesnsk11s1-poster.jpg,poster,apply
J:\My Movies\Music Concerts\bronze\lesnsk11s2-poster.jpg,lesnsk11s2-poster.jpg,poster,apply
J:\My Movies\Music Concerts\bronze\lesnsk11s3-poster.jpg,lesnsk11s3-poster.jpg,poster,apply
J:\My Movies\Music Concerts\bronze\lesnsk11s4-poster.jpg,lesnsk11s4-poster.jpg,poster,apply
J:\My Movies\Music Concerts\bronze\lesoffsed07s1-poster.jpg,lesoffsed07s1-poster.jpg,poster,apply
J:\My Movies\Music Concerts\bronze\lesoffsed07s2-poster.jpg,lesoffsed07s2-poster.jpg,poster,apply
J:\My Movies\Music Concerts\bronze\lesoffsed07s3-poster.jpg,lesoffsed07s3-poster.jpg,poster,apply
J:\My Movies\Music Concerts\bronze\lesoffsed07s4-poster.jpg,lesoffsed07s4-poster.jpg,poster,apply
J:\My Movies\Music Concerts\bronze\lesoleg-poster.jpg,lesoleg-poster.jpg,poster,apply
J:\My Movies\Music Concerts\bronze\lessed3901-poster.jpg,lessed3901-poster.jpg,poster,apply
J:\My Movies\Music Concerts\bronze\lessed3902-poster.jpg,lessed3902-poster.jpg,poster,apply
J:\My Movies\Music Concerts\bronze\lesssis2s3-poster.jpg,lesssis2s3-poster.jpg,poster,apply
J:\My Movies\Music Concerts\bronze\lestp07-poster.jpg,lestp07-poster.jpg,poster,apply
J:\My Movies\Music Concerts\bronze\lestp09s01-poster.jpg,lestp09s01-poster.jpg,poster,apply
J:\My Movies\Music Concerts\bronze\lestp09s02-poster.jpg,lestp09s02-poster.jpg,poster,apply
J:\My Movies\Music Concerts\bronze\lestp09s03-poster.jpg,lestp09s03-poster.jpg,poster,apply
J:\My Movies\Music Concerts\bronze\lestp09s04-poster.jpg,lestp09s04-poster.jpg,poster,apply
J:\My Movies\Music Concerts\bronze\leswsw115-poster.jpg,leswsw115-poster.jpg,poster,apply
J:\My Movies\Music Concerts\bronze\leswsw116-poster.jpg,leswsw116-poster.jpg,poster,apply
J:\My Movies\Music Concerts\bronze\lghost-poster.jpg,lghost-poster.jpg,poster,apply
J:\My Movies\Music Concerts\bronze\lmasmkbed-poster.jpg,lmasmkbed-poster.jpg,poster,apply
J:\My Movies\Music Concerts\bronze\lmasmkfher-poster.jpg,lmasmkfher-poster.jpg,poster,apply
J:\My Movies\Music Concerts\bronze\lmasssg01-poster.jpg,lmasssg01-poster.jpg,poster,apply
J:\My Movies\Music Concerts\bronze\lpd07a-poster.jpg,lpd07a-poster.jpg,poster,apply
J:\My Movies\Music Concerts\bronze\lpd09a-poster.jpg,lpd09a-poster.jpg,poster,apply
J:\My Movies\Music Concerts\bronze\lpd11a-poster.jpg,lpd11a-poster.jpg,poster,apply
J:\My Movies\Music Concerts\bronze\lpd11b-poster.jpg,lpd11b-poster.jpg,poster,apply
J:\My Movies\Music Concerts\bronze\lpd13-poster.jpg,lpd13-poster.jpg,poster,apply
J:\My Movies\Music Concerts\bronze\ls&l01s01-poster.jpg,ls&l01s01-poster.jpg,poster,apply
J:\My Movies\Music Concerts\bronze\ls&l01s02-poster.jpg,ls&l01s02-poster.jpg,poster,apply
J:\My Movies\Music Concerts\bronze\ls&l01s03-poster.jpg,ls&l01s03-poster.jpg,poster,apply
J:\My Movies\Music Concerts\bronze\ls&l01s04-poster.jpg,ls&l01s04-poster.jpg,poster,apply
J:\My Movies\Music Concerts\bronze\ls&l01s05-poster.jpg,ls&l01s05-poster.jpg,poster,apply
J:\My Movies\Music Concerts\bronze\ls&l01s06-poster.jpg,ls&l01s06-poster.jpg,poster,apply
J:\My Movies\Music Concerts\bronze\ls&l01s07-poster.jpg,ls&l01s07-poster.jpg,poster,apply
J:\My Movies\Music Concerts\bronze\lscpvtb01-poster.jpg,lscpvtb01-poster.jpg,poster,apply
J:\My Movies\Music Concerts\bronze\lscpvtb02-poster.jpg,lscpvtb02-poster.jpg,poster,apply
J:\My Movies\Music Concerts\bronze\lscpvtb03-poster.jpg,lscpvtb03-poster.jpg,poster,apply
J:\My Movies\Music Concerts\bronze\lscpvtb04-poster.jpg,lscpvtb04-poster.jpg,poster,apply
J:\My Movies\Music Concerts\bronze\lscpvtb05-poster.jpg,lscpvtb05-poster.jpg,poster,apply
J:\My Movies\Music Concerts\bronze\lslumkg1a-poster.jpg,lslumkg1a-poster.jpg,poster,apply
J:\My Movies\Music Concerts\bronze\lslumkg3a-poster.jpg,lslumkg3a-poster.jpg,poster,apply
J:\My Movies\Music Concerts\bronze\lslumkg3b-poster.jpg,lslumkg3b-poster.jpg,poster,apply
J:\My Movies\Music Concerts\bronze\lslumkg3c-poster.jpg,lslumkg3c-poster.jpg,poster,apply
J:\My Movies\Music Concerts\bronze\lslumkg3d-poster.jpg,lslumkg3d-poster.jpg,poster,apply
J:\My Movies\Music Concerts\bronze\lwpan04-poster.jpg,lwpan04-poster.jpg,poster,apply
J:\My Movies\Music Concerts\bronze\lynannmarie01-poster.jpg,lynannmarie01-poster.jpg,poster,apply
J:\My Movies\Music Concerts\bronze\lynannmarie02-poster.jpg,lynannmarie02-poster.jpg,poster,apply
J:\My Movies\Music Concerts\bronze\nsk02a-poster.jpg,nsk02a-poster.jpg,poster,apply
J:\My Movies\Music Concerts\bronze\nsk02b-poster.jpg,nsk02b-poster.jpg,poster,apply
J:\My Movies\Music Concerts\bronze\nsk02c-poster.jpg,nsk02c-poster.jpg,poster,apply
J:\My Movies\Music Concerts\bronze\nsk02d-poster.jpg,nsk02d-poster.jpg,poster,apply
J:\My Movies\Music Concerts\bronze\nsk03-poster.jpg,nsk03-poster.jpg,poster,apply
J:\My Movies\Music Concerts\bronze\nsk04b-poster.jpg,nsk04b-poster.jpg,poster,apply
J:\My Movies\Music Concerts\bronze\nsk05a-poster.jpg,nsk05a-poster.jpg,poster,apply
J:\My Movies\Music Concerts\bronze\nsk05b-poster.jpg,nsk05b-poster.jpg,poster,apply
J:\My Movies\Music Concerts\bronze\nsk05c-poster.jpg,nsk05c-poster.jpg,poster,apply
J:\My Movies\Music Concerts\bronze\nsk05d-poster.jpg,nsk05d-poster.jpg,poster,apply
J:\My Movies\Music Concerts\bronze\nsk06b-poster.jpg,nsk06b-poster.jpg,poster,apply
J:\My Movies\Music Concerts\bronze\nsk10-poster.jpg,nsk10-poster.jpg,poster,apply
J:\My Movies\Music Concerts\bronze\pmml01a-poster.jpg,pmml01a-poster.jpg,poster,apply
J:\My Movies\Music Concerts\bronze\pmml01b-poster.jpg,pmml01b-poster.jpg,poster,apply
J:\My Movies\Music Concerts\bronze\pmml02a-poster.jpg,pmml02a-poster.jpg,poster,apply
J:\My Movies\Music Concerts\bronze\pmml02b-poster.jpg,pmml02b-poster.jpg,poster,apply
J:\My Movies\Music Concerts\bronze\pmml03a-poster.jpg,pmml03a-poster.jpg,poster,apply
J:\My Movies\Music Concerts\bronze\pmml03c-poster.jpg,pmml03c-poster.jpg,poster,apply
J:\My Movies\Music Concerts\bronze\pmml05a-poster.jpg,pmml05a-poster.jpg,poster,apply
J:\My Movies\Music Concerts\bronze\pmml06a-poster.jpg,pmml06a-poster.jpg,poster,apply
J:\My Movies\Music Concerts\bronze\pmml06b-poster.jpg,pmml06b-poster.jpg,poster,apply
J:\My Movies\Music Concerts\bronze\pmml07a-poster.jpg,pmml07a-poster.jpg,poster,apply
J:\My Movies\Music Concerts\bronze\pmml07b-poster.jpg,pmml07b-poster.jpg,poster,apply
J:\My Movies\Music Concerts\bronze\pmml07c-poster.jpg,pmml07c-poster.jpg,poster,apply
J:\My Movies\Music Concerts\bronze\pmml07d-poster.jpg,pmml07d-poster.jpg,poster,apply
J:\My Movies\Music Concerts\bronze\starlets-creepersfamily-cd1-poster.jpg,starlets-creepersfamily-cd1-poster.jpg,poster,apply
J:\My Movies\Music Concerts\bronze\uc-creepersfamily4-poster.jpg,uc-creepersfamily4-poster.jpg,poster,apply
"J:\My Movies\Music Concerts\bronze\Girls Kissing Girls 13\Girls Kissing Girls 16 - Cherie DeVille, Ashlyn Molloy (Sweetheart Video) HD 720p NEW February 12, 2015-poster.jpg","Girls Kissing Girls 16 - Cherie DeVille, Ashlyn Molloy (Sweetheart Video) HD 720p NEW February 12, 2015-poster.jpg",poster,apply
"J:\My Movies\Music Concerts\bronze\Girls Kissing Girls 13\Girls Kissing Girls 16 - Penny Pax, August Ames (Sweetheart Video) Scene 1 HD 720p NEW February 6, 2015-poster.jpg","Girls Kissing Girls 16 - Penny Pax, August Ames (Sweetheart Video) Scene 1 HD 720p NEW February 6, 2015-poster.jpg",poster,apply
J:\My Movies\Music Concerts\bronze\Girls Kissing Girls 13\sc1_elleA_verucaJ-poster.jpg,sc1_elleA_verucaJ-poster.jpg,poster,apply
J:\My Movies\Music Concerts\bronze\Girls Kissing Girls 13\sc2_allieH_daniD-poster.jpg,sc2_allieH_daniD-poster.jpg,poster,apply
J:\My Movies\Music Concerts\bronze\Girls Kissing Girls 13\sc3_justineJ_indiaS-poster.jpg,sc3_justineJ_indiaS-poster.jpg,poster,apply
J:\My Movies\Music Concerts\bronze\Girls Kissing Girls 13\sc4_danaD_lolaF-poster.jpg,sc4_danaD_lolaF-poster.jpg,poster,apply
J:\My Movies\Music Concerts\bronze\Girls Kissing Girls 15\25570_01_hd-poster.jpg,25570_01_hd-poster.jpg,poster,apply
J:\My Movies\Music Concerts\bronze\Girls Kissing Girls 15\25570_02_hd-poster.jpg,25570_02_hd-poster.jpg,poster,apply
J:\My Movies\Music Concerts\bronze\Girls Kissing Girls 15\25570_03_hd-poster.jpg,25570_03_hd-poster.jpg,poster,apply
J:\My Movies\Music Concerts\bronze\Girls Kissing Girls 15\25570_04_hd-poster.jpg,25570_04_hd-poster.jpg,poster,apply
"J:\My Movies\Music Concerts\bronze\Girls Kissing Girls 17\1 Samantha Rone, Aria Alexander-poster.jpg","1 Samantha Rone, Aria Alexander-poster.jpg",poster,apply
"J:\My Movies\Music Concerts\bronze\Girls Kissing Girls 17\2 Mia Malkova, Dana Vespoli, Karlie Montana-poster.jpg","2 Mia Malkova, Dana Vespoli, Karlie Montana-poster.jpg",poster,apply
"J:\My Movies\Music Concerts\bronze\Girls Kissing Girls 17\3 Carter Cruise, Jelena Jensen-poster.jpg","3 Carter Cruise, Jelena Jensen-poster.jpg",poster,apply
"J:\My Movies\Music Concerts\bronze\Girls Kissing Girls 17\4 Kenna James, AJ Applegate, Aidra Fox-poster.jpg","4 Kenna James, AJ Applegate, Aidra Fox-poster.jpg",poster,apply
J:\My Movies\Music Concerts\bronze\Lesbian Psychodramas 14\sc1_adrianaC_raquelD-poster.jpg,sc1_adrianaC_raquelD-poster.jpg,poster,apply
J:\My Movies\Music Concerts\bronze\Lesbian Psychodramas 14\sc2_karenF_scarletR-poster.jpg,sc2_karenF_scarletR-poster.jpg,poster,apply
J:\My Movies\Music Concerts\bronze\Lesbian Psychodramas 14\sc3_raquelD_scarletR-poster.jpg,sc3_raquelD_scarletR-poster.jpg,poster,apply
J:\My Movies\Music Concerts\bronze\Lesbian Psychodramas 14\sc4_karenF_prinzzess-poster.jpg,sc4_karenF_prinzzess-poster.jpg,poster,apply
J:\My Movies\Music Concerts\bronze\Lesbian Psychodramas 15\Scene 1 - Prinzzess & Rozen DeBowe-poster.jpg,Scene 1 - Prinzzess & Rozen DeBowe-poster.jpg,poster,apply
J:\My Movies\Music Concerts\bronze\Lesbian Psychodramas 15\Scene 2 - Nadia Noir & Zoe Britton-poster.jpg,Scene 2 - Nadia Noir & Zoe Britton-poster.jpg,poster,apply
J:\My Movies\Music Concerts\bronze\Lesbian Psychodramas 15\Scene 3 - Lily LaBeau & Nicole Moore-poster.jpg,Scene 3 - Lily LaBeau & Nicole Moore-poster.jpg,poster,apply
J:\My Movies\Music Concerts\bronze\Lesbian Psychodramas 15\Scene 4 - Michaela & Prinzzess-poster.jpg,Scene 4 - Michaela & Prinzzess-poster.jpg,poster,apply
J:\My Movies\Music Concerts\bronze\Lesbian Sex 10\lessex1001-poster.jpg,lessex1001-poster.jpg,poster,apply
J:\My Movies\Music Concerts\bronze\Lesbian Sex 10\lessex1001pos-poster.jpg,lessex1001pos-poster.jpg,poster,apply
J:\My Movies\Music Concerts\bronze\Lesbian Sex 10\lessex1001pre-poster.jpg,lessex1001pre-poster.jpg,poster,apply
J:\My Movies\Music Concerts\bronze\Lesbian Sex 10\lessex1002-poster.jpg,lessex1002-poster.jpg,poster,apply
J:\My Movies\Music Concerts\bronze\Lesbian Sex 10\lessex1002pos-poster.jpg,lessex1002pos-poster.jpg,poster,apply
J:\My Movies\Music Concerts\bronze\Lesbian Sex 10\lessex1002pre-poster.jpg,lessex1002pre-poster.jpg,poster,apply
J:\My Movies\Music Concerts\bronze\Lesbian Sex 10\lessex10i-poster.jpg,lessex10i-poster.jpg,poster,apply
J:\My Movies\Music Concerts\bronze\Lesbian Sex 10\s3- Sinn Sage & Zoey Holloway - Post Sex Interview-poster.jpg,s3- Sinn Sage & Zoey Holloway - Post Sex Interview-poster.jpg,poster,apply
J:\My Movies\Music Concerts\bronze\Lesbian Sex 10\s3- Sinn Sage & Zoey Holloway - Pre Sex Interview-poster.jpg,s3- Sinn Sage & Zoey Holloway - Pre Sex Interview-poster.jpg,poster,apply
J:\My Movies\Music Concerts\bronze\Lesbian Sex 10\s3- Sinn Sage & Zoey Holloway - Sex-poster.jpg,s3- Sinn Sage & Zoey Holloway - Sex-poster.jpg,poster,apply
J:\My Movies\Music Concerts\bronze\Lesbian Sex 10\s4- Aaliyah Love & Lily Cade - Post Sex Interview-poster.jpg,s4- Aaliyah Love & Lily Cade - Post Sex Interview-poster.jpg,poster,apply
J:\My Movies\Music Concerts\bronze\Lesbian Sex 10\s4- Aaliyah Love & Lily Cade - Pre Sex Interview-poster.jpg,s4- Aaliyah Love & Lily Cade - Pre Sex Interview-poster.jpg,poster,apply
J:\My Movies\Music Concerts\bronze\Lesbian Sex 10\s4- Aaliyah Love & Lily Cade - Sex-poster.jpg,s4- Aaliyah Love & Lily Cade - Sex-poster.jpg,poster,apply
J:\My Movies\Music Concerts\bronze\Lesbian Sitters\1 - Maddy O'Reilly & Raylene-poster.jpg,1 - Maddy O'Reilly & Raylene-poster.jpg,poster,apply
J:\My Movies\Music Concerts\bronze\Lesbian Sitters\2 - Gia Steel & Presley Hart-poster.jpg,2 - Gia Steel & Presley Hart-poster.jpg,poster,apply
J:\My Movies\Music Concerts\bronze\Lesbian Sitters\3 - Zoey Nixon & Staci Silverstone-poster.jpg,3 - Zoey Nixon & Staci Silverstone-poster.jpg,poster,apply
J:\My Movies\Music Concerts\bronze\Lesbian Sitters\4 - Maddy O'Reilly & Laly-poster.jpg,4 - Maddy O'Reilly & Laly-poster.jpg,poster,apply
J:\My Movies\Music Concerts\bronze\Lesbian Triangles\SC1_xxx.styanulo.net_x.epidemz.com-poster.jpg,SC1_xxx.styanulo.net_x.epidemz.com-poster.jpg,poster,apply
J:\My Movies\Music Concerts\bronze\Lesbian Triangles\SC2_xxx.styanulo.net_x.epidemz.com-poster.jpg,SC2_xxx.styanulo.net_x.epidemz.com-poster.jpg,poster,apply
J:\My Movies\Music Concerts\bronze\Lesbian Triangles\SC3_xxx.styanulo.net_x.epidemz.com-poster.jpg,SC3_xxx.styanulo.net_x.epidemz.com-poster.jpg,poster,apply
J:\My Movies\Music Concerts\bronze\Lesbian Triangles\SC4_xxx.styanulo.net_x.epidemz.com-poster.jpg,SC4_xxx.styanulo.net_x.epidemz.com-poster.jpg,poster,apply
J:\My Movies\Music Concerts\bronze\misc\48260_01_hd-poster.jpg,48260_01_hd-poster.jpg,poster,apply
"J:\My Movies\Music Concerts\bronze\misc\Aahun Aahun remix [Low, 360p]-poster.jpg","Aahun Aahun remix [Low, 360p]-poster.jpg",poster,apply
"J:\My Movies\Music Concerts\bronze\misc\Bollywood Dance performance by the Mona Khan Company1 [Low, 360p]-poster.jpg","Bollywood Dance performance by the Mona Khan Company1 [Low, 360p]-poster.jpg",poster,apply
"J:\My Movies\Music Concerts\bronze\misc\Bollywood dance- Ghagra, jadoo ki jappi, dhating naach & high heels [Full HD]-poster.jpg","Bollywood dance- Ghagra, jadoo ki jappi, dhating naach & high heels [Full HD]-poster.jpg",poster,apply
"J:\My Movies\Music Concerts\bronze\misc\Bollywood Dance- manwa laage , ambarsariya & tu meri (New ending) [Full HD]-poster.jpg","Bollywood Dance- manwa laage , ambarsariya & tu meri (New ending) [Full HD]-poster.jpg",poster,apply
"J:\My Movies\Music Concerts\bronze\misc\Bollywood dance- Manwa Laage, Ambarsariya and Tu meri [Low, 360p]-poster.jpg","Bollywood dance- Manwa Laage, Ambarsariya and Tu meri [Low, 360p]-poster.jpg",poster,apply
"J:\My Movies\Music Concerts\bronze\misc\Bollywood dance- Radha Nachegi, 1234 get on the dance floor & Lonom Thumakda [Full HD]-poster.jpg","Bollywood dance- Radha Nachegi, 1234 get on the dance floor & Lonom Thumakda [Full HD]-poster.jpg",poster,apply
"J:\My Movies\Music Concerts\bronze\misc\Bollywood dance- Show me your jalwa, Chamak challo & Ainvayi Ainvayi [Full HD]-poster.jpg","Bollywood dance- Show me your jalwa, Chamak challo & Ainvayi Ainvayi [Full HD]-poster.jpg",poster,apply
J:\My Movies\Music Concerts\bronze\misc\Bollywood dance- Silsila ye chaahat ka and Dola re dola [Full HD]-poster.jpg,Bollywood dance- Silsila ye chaahat ka and Dola re dola [Full HD]-poster.jpg,poster,apply
J:\My Movies\Music Concerts\bronze\misc\Cultural Night 2013 Bollywood Dance [Full HD]-poster.jpg,Cultural Night 2013 Bollywood Dance [Full HD]-poster.jpg,poster,apply
J:\My Movies\Music Concerts\bronze\misc\gcremove-poster.jpg,gcremove-poster.jpg,poster,apply
J:\My Movies\Music Concerts\bronze\misc\idgdanceinhotsk-poster.jpg,idgdanceinhotsk-poster.jpg,poster,apply
J:\My Movies\Music Concerts\bronze\misc\kamasundari_full by Saur-poster.jpg,kamasundari_full by Saur-poster.jpg,poster,apply
J:\My Movies\Music Concerts\bronze\misc\Secret Desire (1985) Le Secret d'Elise-poster.jpg,Secret Desire (1985) Le Secret d'Elise-poster.jpg,poster,apply
J:\My Movies\Music Concerts\bronze\misc\viv.16.04.13.lena.love.and.violette.pink.blissful-poster.jpg,viv.16.04.13.lena.love.and.violette.pink.blissful-poster.jpg,poster,apply
J:\My Movies\Music Concerts\bronze\misc\ytlsmsant01-poster.jpg,ytlsmsant01-poster.jpg,poster,apply
J:\My Movies\Music Concerts\bronze\misc\ytlsmsant02-poster.jpg,ytlsmsant02-poster.jpg,poster,apply
J:\My Movies\Music Concerts\bronze\misc\ytlsmshan01-poster.jpg,ytlsmshan01-poster.jpg,poster,apply
J:\My Movies\Music Concerts\bronze\misc\ytlsmshan02-poster.jpg,ytlsmshan02-poster.jpg,poster,apply
J:\My Movies\Music Concerts\bronze\misc\ytlsmshan03-poster.jpg,ytlsmshan03-poster.jpg,poster,apply
J:\My Movies\Music Concerts\bronze\misc\ytlsmshan04-poster.jpg,ytlsmshan04-poster.jpg,poster,apply
J:\My Movies\Music Concerts\bronze\misc\ytlsmshan10-poster.jpg,ytlsmshan10-poster.jpg,poster,apply
J:\My Movies\Music Concerts\bronze\misc\_tmp_video_1446993361600-poster.jpg,_tmp_video_1446993361600-poster.jpg,poster,apply
J:\My Movies\Music Concerts\bronze\misc\boohoo\1981a07c-3f4b-4ec6-9e0f-01d1db79b6c5-poster.jpg,1981a07c-3f4b-4ec6-9e0f-01d1db79b6c5-poster.jpg,poster,apply
J:\My Movies\Music Concerts\bronze\misc\boohoo\42382055-e8cd-4b7e-bbd2-e0047d9d6129-poster.jpg,42382055-e8cd-4b7e-bbd2-e0047d9d6129-poster.jpg,poster,apply
J:\My Movies\Music Concerts\bronze\misc\boohoo\613e4de4-0c42-473f-a575-0f62d1b11e9f-poster.jpg,613e4de4-0c42-473f-a575-0f62d1b11e9f-poster.jpg,poster,apply
J:\My Movies\Music Concerts\bronze\misc\boohoo\88d040a6-6eea-4389-b668-de96df649d80-poster.jpg,88d040a6-6eea-4389-b668-de96df649d80-poster.jpg,poster,apply
J:\My Movies\Music Concerts\bronze\misc\boohoo\aad3f1bc-ba25-46b0-ae30-545261e76a9a-poster.jpg,aad3f1bc-ba25-46b0-ae30-545261e76a9a-poster.jpg,poster,apply
J:\My Movies\Music Concerts\bronze\misc\boohoo\d368718b-dc98-45f6-964c-677430128bf8-poster.jpg,d368718b-dc98-45f6-964c-677430128bf8-poster.jpg,poster,apply
J:\My Movies\Music Concerts\bronze\misc\boohoo\dd594b3b-8283-4033-a8ad-948906e43204-poster.jpg,dd594b3b-8283-4033-a8ad-948906e43204-poster.jpg,poster,apply
J:\My Movies\Music Concerts\bronze\misc\boohoo\e11735dc-127e-4ddc-ac8d-c3af260e8ba8-poster.jpg,e11735dc-127e-4ddc-ac8d-c3af260e8ba8-poster.jpg,poster,apply
"J:\My Movies\Music Concerts\bronze\misc\lg\Advent Special 7th December EXCLUSIVE [Full HD,1080p]-poster.jpg","Advent Special 7th December EXCLUSIVE [Full HD,1080p]-poster.jpg",poster,apply
"J:\My Movies\Music Concerts\bronze\misc\lg\Ali and Gabby do Pamela Mann mockings EXCLUSIVE [Full HD,1080p]-poster.jpg","Ali and Gabby do Pamela Mann mockings EXCLUSIVE [Full HD,1080p]-poster.jpg",poster,apply
J:\My Movies\Music Concerts\bronze\misc\lg\Ali tries out these Pamela Mann Twister tights [Full HD]-poster.jpg,Ali tries out these Pamela Mann Twister tights [Full HD]-poster.jpg,poster,apply
J:\My Movies\Music Concerts\bronze\misc\lg\Ali wears Miss Naughty tights available from TheTightSpot.com [Full HD]-poster.jpg,Ali wears Miss Naughty tights available from TheTightSpot.com [Full HD]-poster.jpg,poster,apply
J:\My Movies\Music Concerts\bronze\misc\lg\Antonia - Le Bourget Collant Phedre (HD)-poster.jpg,Antonia - Le Bourget Collant Phedre (HD)-poster.jpg,poster,apply
J:\My Movies\Music Concerts\bronze\misc\lg\Antonia in Charnos diamond fashion tights ([Full HD])-poster.jpg,Antonia in Charnos diamond fashion tights ([Full HD])-poster.jpg,poster,apply
J:\My Movies\Music Concerts\bronze\misc\lg\Antonia models these random tights from China called Sexy ([Full HD])-poster.jpg,Antonia models these random tights from China called Sexy ([Full HD])-poster.jpg,poster,apply
J:\My Movies\Music Concerts\bronze\misc\lg\Antonia on Cavallini Fishnet Tights (HD)-poster.jpg,Antonia on Cavallini Fishnet Tights (HD)-poster.jpg,poster,apply
J:\My Movies\Music Concerts\bronze\misc\lg\Antonia on Gabriella Holdups (HD)-poster.jpg,Antonia on Gabriella Holdups (HD)-poster.jpg,poster,apply
J:\My Movies\Music Concerts\bronze\misc\lg\Antonia reviews Cette sheer black tights ([Full HD])-poster.jpg,Antonia reviews Cette sheer black tights ([Full HD])-poster.jpg,poster,apply
J:\My Movies\Music Concerts\bronze\misc\lg\Antonia reviews Fiore Holdups donated by StockingsHQ ([Full HD])-poster.jpg,Antonia reviews Fiore Holdups donated by StockingsHQ ([Full HD])-poster.jpg,poster,apply
J:\My Movies\Music Concerts\bronze\misc\lg\Antonia reviews Wolford Flora Tights ([Full HD])-poster.jpg,Antonia reviews Wolford Flora Tights ([Full HD])-poster.jpg,poster,apply
J:\My Movies\Music Concerts\bronze\misc\lg\Antonia styles Adrian Mock Suspenders ([Full HD])-poster.jpg,Antonia styles Adrian Mock Suspenders ([Full HD])-poster.jpg,poster,apply
J:\My Movies\Music Concerts\bronze\misc\lg\Antonia styles Aristoc Chevron tights ([Full HD])-poster.jpg,Antonia styles Aristoc Chevron tights ([Full HD])-poster.jpg,poster,apply
J:\My Movies\Music Concerts\bronze\misc\lg\Antonia styles Gatta FiFi tights ([Full HD])-poster.jpg,Antonia styles Gatta FiFi tights ([Full HD])-poster.jpg,poster,apply
J:\My Movies\Music Concerts\bronze\misc\lg\Antonia tries Falke Frames tights ([Full HD])-poster.jpg,Antonia tries Falke Frames tights ([Full HD])-poster.jpg,poster,apply
J:\My Movies\Music Concerts\bronze\misc\lg\Antonia tries Mary PortasCharnos tights ([Full HD])-poster.jpg,Antonia tries Mary PortasCharnos tights ([Full HD])-poster.jpg,poster,apply
J:\My Movies\Music Concerts\bronze\misc\lg\Antonia tries tights by Wonderbra ([Full HD])-poster.jpg,Antonia tries tights by Wonderbra ([Full HD])-poster.jpg,poster,apply
J:\My Movies\Music Concerts\bronze\misc\lg\Antonia wears Adrian Nora tights (HD)-poster.jpg,Antonia wears Adrian Nora tights (HD)-poster.jpg,poster,apply
J:\My Movies\Music Concerts\bronze\misc\lg\Antonia wears Autograph tights from Marks and Spencer (HD)-poster.jpg,Antonia wears Autograph tights from Marks and Spencer (HD)-poster.jpg,poster,apply
J:\My Movies\Music Concerts\bronze\misc\lg\Antonia wears black fishnet tights ([Full HD])-poster.jpg,Antonia wears black fishnet tights ([Full HD])-poster.jpg,poster,apply
J:\My Movies\Music Concerts\bronze\misc\lg\Antonia wears Cinderella tights ([Full HD])-poster.jpg,Antonia wears Cinderella tights ([Full HD])-poster.jpg,poster,apply
J:\My Movies\Music Concerts\bronze\misc\lg\Antonia wears Elle Panache tights (HD)-poster.jpg,Antonia wears Elle Panache tights (HD)-poster.jpg,poster,apply
J:\My Movies\Music Concerts\bronze\misc\lg\Antonia wears Jonathan Aston Chaos tights ([Full HD])-poster.jpg,Antonia wears Jonathan Aston Chaos tights ([Full HD])-poster.jpg,poster,apply
J:\My Movies\Music Concerts\bronze\misc\lg\Antonia wears Jonathan Aston Suspended tights (HD)-poster.jpg,Antonia wears Jonathan Aston Suspended tights (HD)-poster.jpg,poster,apply
J:\My Movies\Music Concerts\bronze\misc\lg\Antonia wears Luisa Maria Lugli Swirl tights ([Full HD])-poster.jpg,Antonia wears Luisa Maria Lugli Swirl tights ([Full HD])-poster.jpg,poster,apply
J:\My Movies\Music Concerts\bronze\misc\lg\Antonia wears tartan tights by Silky ([Full HD])-poster.jpg,Antonia wears tartan tights by Silky ([Full HD])-poster.jpg,poster,apply
"J:\My Movies\Music Concerts\bronze\misc\lg\Bonnie displays the Gatta Red Rose Bodystocking EXCLUSIVE [Full HD,1080p]-poster.jpg","Bonnie displays the Gatta Red Rose Bodystocking EXCLUSIVE [Full HD,1080p]-poster.jpg",poster,apply
"J:\My Movies\Music Concerts\bronze\misc\lg\Bonnie models this Adrian Bodystocking EXCLUSIVE [Full HD,1080p]-poster.jpg","Bonnie models this Adrian Bodystocking EXCLUSIVE [Full HD,1080p]-poster.jpg",poster,apply
"J:\My Movies\Music Concerts\bronze\misc\lg\Bonnie puts these Elleny Felicia tights to the test EXCLUSIVE [Full HD,1080p]-poster.jpg","Bonnie puts these Elleny Felicia tights to the test EXCLUSIVE [Full HD,1080p]-poster.jpg",poster,apply
"J:\My Movies\Music Concerts\bronze\misc\lg\Bonnie shows Adrian Mock Suspender tights EXCLUSIVE [Full HD,1080p]-poster.jpg","Bonnie shows Adrian Mock Suspender tights EXCLUSIVE [Full HD,1080p]-poster.jpg",poster,apply
"J:\My Movies\Music Concerts\bronze\misc\lg\Bonnie Strip Panty Part 2 EXCLUSIVE [Full HD,1080p]-poster.jpg","Bonnie Strip Panty Part 2 EXCLUSIVE [Full HD,1080p]-poster.jpg",poster,apply
J:\My Movies\Music Concerts\bronze\misc\lg\Charnos Bridal Stockings Review-poster.jpg,Charnos Bridal Stockings Review-poster.jpg,poster,apply
J:\My Movies\Music Concerts\bronze\misc\lg\Dee reviews Fiore tights Gladys [Full HD]-poster.jpg,Dee reviews Fiore tights Gladys [Full HD]-poster.jpg,poster,apply
J:\My Movies\Music Concerts\bronze\misc\lg\Dee reviews Pamela Mann OTK tights-poster.jpg,Dee reviews Pamela Mann OTK tights-poster.jpg,poster,apply
J:\My Movies\Music Concerts\bronze\misc\lg\Dee reviews these fantastic Pretty Polly -Cheeky- tights-poster.jpg,Dee reviews these fantastic Pretty Polly -Cheeky- tights-poster.jpg,poster,apply
J:\My Movies\Music Concerts\bronze\misc\lg\Dee reviews these Fiore Jordanna stockings-poster.jpg,Dee reviews these Fiore Jordanna stockings-poster.jpg,poster,apply
J:\My Movies\Music Concerts\bronze\misc\lg\Dee styles Tianzi Ballet Wrap tights-poster.jpg,Dee styles Tianzi Ballet Wrap tights-poster.jpg,poster,apply
J:\My Movies\Music Concerts\bronze\misc\lg\Dee wears Mona -Elena- tights-poster.jpg,Dee wears Mona -Elena- tights-poster.jpg,poster,apply
J:\My Movies\Music Concerts\bronze\misc\lg\Dee wears tights from Couture-poster.jpg,Dee wears tights from Couture-poster.jpg,poster,apply
J:\My Movies\Music Concerts\bronze\misc\lg\Dee with mock suspenders by Tess ([Full HD])-poster.jpg,Dee with mock suspenders by Tess ([Full HD])-poster.jpg,poster,apply
J:\My Movies\Music Concerts\bronze\misc\lg\Dee's Manzi Tights Review-poster.jpg,Dee's Manzi Tights Review-poster.jpg,poster,apply
J:\My Movies\Music Concerts\bronze\misc\lg\Dee's Review of Black Opaque Trasparenze Tights-poster.jpg,Dee's Review of Black Opaque Trasparenze Tights-poster.jpg,poster,apply
J:\My Movies\Music Concerts\bronze\misc\lg\Gabrielle models Pierre Mantoux Setificato 40 tights [Full HD]-poster.jpg,Gabrielle models Pierre Mantoux Setificato 40 tights [Full HD]-poster.jpg,poster,apply
J:\My Movies\Music Concerts\bronze\misc\lg\Gabrielle tries out Pamela Mann leopard print tights ([Full HD])-poster.jpg,Gabrielle tries out Pamela Mann leopard print tights ([Full HD])-poster.jpg,poster,apply
J:\My Movies\Music Concerts\bronze\misc\lg\Gabrielles First Review - Conte tights ([Full HD])-poster.jpg,Gabrielles First Review - Conte tights ([Full HD])-poster.jpg,poster,apply
J:\My Movies\Music Concerts\bronze\misc\lg\Get to know Antonia a little better! ([Full HD])-poster.jpg,Get to know Antonia a little better! ([Full HD])-poster.jpg,poster,apply
"J:\My Movies\Music Concerts\bronze\misc\lg\Hannah Belleisi tights UK Bank Holiday EXCLUSIVE [Full HD,1080p]-poster.jpg","Hannah Belleisi tights UK Bank Holiday EXCLUSIVE [Full HD,1080p]-poster.jpg",poster,apply
J:\My Movies\Music Concerts\bronze\misc\lg\Hannah wears Gatta Girl Up [Full HD]-poster.jpg,Hannah wears Gatta Girl Up [Full HD]-poster.jpg,poster,apply
"J:\My Movies\Music Concerts\bronze\misc\lg\Helen in Gatta Brigitte fishnets EXCLUSIVE [Full HD,1080p]-poster.jpg","Helen in Gatta Brigitte fishnets EXCLUSIVE [Full HD,1080p]-poster.jpg",poster,apply
J:\My Movies\Music Concerts\bronze\misc\lg\Helen wears Adrian Lena tights [Full HD]-poster.jpg,Helen wears Adrian Lena tights [Full HD]-poster.jpg,poster,apply
J:\My Movies\Music Concerts\bronze\misc\lg\Heres Laura-Graces report on the Hanes Silk Reflections tights [Full HD]-poster.jpg,Heres Laura-Graces report on the Hanes Silk Reflections tights [Full HD]-poster.jpg,poster,apply
"J:\My Movies\Music Concerts\bronze\misc\lg\Kat lounges in Gatta Euphoria tights EXCLUSIVE [Full HD,1080p]-poster.jpg","Kat lounges in Gatta Euphoria tights EXCLUSIVE [Full HD,1080p]-poster.jpg",poster,apply
J:\My Movies\Music Concerts\bronze\misc\lg\Kat review of Pamela Mann Tightrope Walker tights (HD)-poster.jpg,Kat review of Pamela Mann Tightrope Walker tights (HD)-poster.jpg,poster,apply
J:\My Movies\Music Concerts\bronze\misc\lg\Laura gives thumbs up to these Tia Tights Penny Royal ([Full HD])-poster.jpg,Laura gives thumbs up to these Tia Tights Penny Royal ([Full HD])-poster.jpg,poster,apply
J:\My Movies\Music Concerts\bronze\misc\lg\Laura reviews Lady Sofia Divnatights ([Full HD])-poster.jpg,Laura reviews Lady Sofia Divnatights ([Full HD])-poster.jpg,poster,apply
J:\My Movies\Music Concerts\bronze\misc\lg\Laura reviews Oroblu Miss tights ([Full HD])-poster.jpg,Laura reviews Oroblu Miss tights ([Full HD])-poster.jpg,poster,apply
J:\My Movies\Music Concerts\bronze\misc\lg\Laura styles Silky Vine fishnets ([Full HD])-poster.jpg,Laura styles Silky Vine fishnets ([Full HD])-poster.jpg,poster,apply
J:\My Movies\Music Concerts\bronze\misc\lg\Laura styles these fantastic Gatta Ronna tights ([Full HD])-poster.jpg,Laura styles these fantastic Gatta Ronna tights ([Full HD])-poster.jpg,poster,apply
J:\My Movies\Music Concerts\bronze\misc\lg\Laura tries Paula tights by Aleksandra ([Full HD])-poster.jpg,Laura tries Paula tights by Aleksandra ([Full HD])-poster.jpg,poster,apply
J:\My Movies\Music Concerts\bronze\misc\lg\Laura wears Tia Tights Hugs and Kisses ([Full HD])-poster.jpg,Laura wears Tia Tights Hugs and Kisses ([Full HD])-poster.jpg,poster,apply
J:\My Movies\Music Concerts\bronze\misc\lg\Laura-Grace wears Gatta Sweety tights [Full HD]-poster.jpg,Laura-Grace wears Gatta Sweety tights [Full HD]-poster.jpg,poster,apply
J:\My Movies\Music Concerts\bronze\misc\lg\Lily and Antonia compare two pairs of tights from the same brand (HD)-poster.jpg,Lily and Antonia compare two pairs of tights from the same brand (HD)-poster.jpg,poster,apply
J:\My Movies\Music Concerts\bronze\misc\lg\Lily and Antonia review tights from the new Gipsy range ([Full HD])-poster.jpg,Lily and Antonia review tights from the new Gipsy range ([Full HD])-poster.jpg,poster,apply
J:\My Movies\Music Concerts\bronze\misc\lg\Outfit of the Day UK - Elle Fashion Tights (HD)-poster.jpg,Outfit of the Day UK - Elle Fashion Tights (HD)-poster.jpg,poster,apply
J:\My Movies\Music Concerts\bronze\misc\lg\Outfit of the Day UK - Jonathan Aston Over-Knee socks ([Full HD])-poster.jpg,Outfit of the Day UK - Jonathan Aston Over-Knee socks ([Full HD])-poster.jpg,poster,apply
J:\My Movies\Music Concerts\bronze\misc\lg\Outfit Of The Day UK - Jonathan Aston Rebel Tights ([Full HD])-poster.jpg,Outfit Of The Day UK - Jonathan Aston Rebel Tights ([Full HD])-poster.jpg,poster,apply
J:\My Movies\Music Concerts\bronze\misc\lg\Outfit of the Day UK - Winter day tights (HD)-poster.jpg,Outfit of the Day UK - Winter day tights (HD)-poster.jpg,poster,apply
J:\My Movies\Music Concerts\bronze\misc\lg\Paiton reviews Fiore Promise tights ([Full HD])-poster.jpg,Paiton reviews Fiore Promise tights ([Full HD])-poster.jpg,poster,apply
J:\My Movies\Music Concerts\bronze\misc\lg\Paiton rocks Fiore Geraldine Tights-poster.jpg,Paiton rocks Fiore Geraldine Tights-poster.jpg,poster,apply
J:\My Movies\Music Concerts\bronze\misc\lg\Paiton shows off these Mona Velia tights -EXCLUSIVE--poster.jpg,Paiton shows off these Mona Velia tights -EXCLUSIVE--poster.jpg,poster,apply
J:\My Movies\Music Concerts\bronze\misc\lg\Paiton wears Gatta Tights with clothes sent by CNDirect.com [Full HD]-poster.jpg,Paiton wears Gatta Tights with clothes sent by CNDirect.com [Full HD]-poster.jpg,poster,apply
J:\My Movies\Music Concerts\bronze\misc\lg\Paiton wears Noo Mirror tights by Knittex -EXCLUSIVE--poster.jpg,Paiton wears Noo Mirror tights by Knittex -EXCLUSIVE--poster.jpg,poster,apply
J:\My Movies\Music Concerts\bronze\misc\lg\Paiton's Ballerina ART301 review - Exclusive edit -EXCLUSIVE--poster.jpg,Paiton's Ballerina ART301 review - Exclusive edit -EXCLUSIVE--poster.jpg,poster,apply
J:\My Movies\Music Concerts\bronze\misc\lg\Rebecca experiments with Tia Tights Eliza ([Full HD])-poster.jpg,Rebecca experiments with Tia Tights Eliza ([Full HD])-poster.jpg,poster,apply
J:\My Movies\Music Concerts\bronze\misc\lg\Rebecca Funpol Ava tights ([Full HD])-poster.jpg,Rebecca Funpol Ava tights ([Full HD])-poster.jpg,poster,apply
J:\My Movies\Music Concerts\bronze\misc\lg\Rebecca gets her hands on these Funpol tights (Model 009) ([Full HD])(1)-poster.jpg,Rebecca gets her hands on these Funpol tights (Model 009) ([Full HD])(1)-poster.jpg,poster,apply
J:\My Movies\Music Concerts\bronze\misc\lg\Rebecca gets her hands on these Funpol tights (Model 009) ([Full HD])-poster.jpg,Rebecca gets her hands on these Funpol tights (Model 009) ([Full HD])-poster.jpg,poster,apply
J:\My Movies\Music Concerts\bronze\misc\lg\Rebecca reviews Fiore tights Sheila [Full HD]-poster.jpg,Rebecca reviews Fiore tights Sheila [Full HD]-poster.jpg,poster,apply
J:\My Movies\Music Concerts\bronze\misc\lg\Rebecca reviews Pamela Mann Scream tights ([Full HD])-poster.jpg,Rebecca reviews Pamela Mann Scream tights ([Full HD])-poster.jpg,poster,apply
J:\My Movies\Music Concerts\bronze\misc\lg\Rebecca styles Gatta Dotsy Model 3 tights ([Full HD])-poster.jpg,Rebecca styles Gatta Dotsy Model 3 tights ([Full HD])-poster.jpg,poster,apply
J:\My Movies\Music Concerts\bronze\misc\lg\Rebecca styles Girl Up 14 mock suspender tights [Full HD]-poster.jpg,Rebecca styles Girl Up 14 mock suspender tights [Full HD]-poster.jpg,poster,apply
J:\My Movies\Music Concerts\bronze\misc\lg\Sarah reviews Jonathon Aston Opaque tights [Full HD]-poster.jpg,Sarah reviews Jonathon Aston Opaque tights [Full HD]-poster.jpg,poster,apply
J:\My Movies\Music Concerts\bronze\misc\lg\The Legslavish Lucky Dip Bag #7 ([Full HD])-poster.jpg,The Legslavish Lucky Dip Bag #7 ([Full HD])-poster.jpg,poster,apply
J:\My Movies\Music Concerts\bronze\misc\lg\Tights of the Day - FAST for Jonathan Aston ([Full HD])-poster.jpg,Tights of the Day - FAST for Jonathan Aston ([Full HD])-poster.jpg,poster,apply
J:\My Movies\Music Concerts\bronze\misc\lg\Tights of the Day - Henry Holland Mock OTK Socks ([Full HD])-poster.jpg,Tights of the Day - Henry Holland Mock OTK Socks ([Full HD])-poster.jpg,poster,apply
J:\My Movies\Music Concerts\bronze\misc\lg\Tights of the Day - Henry Holland Stalagtights ([Full HD])-poster.jpg,Tights of the Day - Henry Holland Stalagtights ([Full HD])-poster.jpg,poster,apply
J:\My Movies\Music Concerts\bronze\misc\lg\Tights of the Day - Trasparenze toeless tights (HD)-poster.jpg,Tights of the Day - Trasparenze toeless tights (HD)-poster.jpg,poster,apply
J:\My Movies\Music Concerts\bronze\misc\lg\Tights Outfit of the Day - Cette Review ([Full HD])-poster.jpg,Tights Outfit of the Day - Cette Review ([Full HD])-poster.jpg,poster,apply
J:\My Movies\Music Concerts\bronze\misc\lg\Tights Outfit of the Day - Opaque Footless Tights ([Full HD])-poster.jpg,Tights Outfit of the Day - Opaque Footless Tights ([Full HD])-poster.jpg,poster,apply
J:\My Movies\Music Concerts\bronze\misc\lg\Tights Outfit of the Day - Phyiren Mock Suspenders-poster.jpg,Tights Outfit of the Day - Phyiren Mock Suspenders-poster.jpg,poster,apply
J:\My Movies\Music Concerts\bronze\misc\lg\Wolford Wilderness tights donated by Amanda (HD)-poster.jpg,Wolford Wilderness tights donated by Amanda (HD)-poster.jpg,poster,apply
J:\My Movies\Music Concerts\bronze\misc\plt\thalita\391891048-poster.jpg,391891048-poster.jpg,poster,apply
J:\My Movies\Music Concerts\bronze\misc\plt\thalita\403849615-poster.jpg,403849615-poster.jpg,poster,apply
J:\My Movies\Music Concerts\bronze\misc\plt\thalita\403849638-poster.jpg,403849638-poster.jpg,poster,apply
J:\My Movies\Music Concerts\bronze\misc\plt\thalita\403849813-poster.jpg,403849813-poster.jpg,poster,apply
J:\My Movies\Music Concerts\bronze\misc\plt\thalita\413697111-poster.jpg,413697111-poster.jpg,poster,apply
J:\My Movies\Music Concerts\bronze\misc\plt\thalita\413697546-poster.jpg,413697546-poster.jpg,poster,apply
J:\My Movies\Music Concerts\bronze\misc\plt\thalita\418669041-poster.jpg,418669041-poster.jpg,poster,apply
J:\My Movies\Music Concerts\bronze\misc\plt\thalita\435344861-poster.jpg,435344861-poster.jpg,poster,apply
J:\My Movies\Music Concerts\bronze\misc\plt\thalita\443534220-poster.jpg,443534220-poster.jpg,poster,apply
J:\My Movies\Music Concerts\bronze\misc\plt\thalita\443534238-poster.jpg,443534238-poster.jpg,poster,apply
J:\My Movies\Music Concerts\bronze\misc\plt\thalita\443539952-poster.jpg,443539952-poster.jpg,poster,apply
J:\My Movies\Music Concerts\bronze\That's So Lesbian\s1- Gracie Glam & Celeste Star-poster.jpg,s1- Gracie Glam & Celeste Star-poster.jpg,poster,apply
J:\My Movies\Music Concerts\bronze\That's So Lesbian\s2- Kiera Winters & Elle Alexandra-poster.jpg,s2- Kiera Winters & Elle Alexandra-poster.jpg,poster,apply
J:\My Movies\Music Concerts\bronze\That's So Lesbian\s3- Lena Nicole & Hayden Hawkens-poster.jpg,s3- Lena Nicole & Hayden Hawkens-poster.jpg,poster,apply
J:\My Movies\Music Concerts\bronze\That's So Lesbian\s4- Cherie DeVille & Aaliyah Love-poster.jpg,s4- Cherie DeVille & Aaliyah Love-poster.jpg,poster,apply
J:\My Movies\Music Concerts\bronze\That's So Lesbian\solo\bonus solo -s1- Lena Nicole-poster.jpg,bonus solo -s1- Lena Nicole-poster.jpg,poster,apply
J:\My Movies\Music Concerts\bronze\That's So Lesbian\solo\bonus solo -s2- Gracie Glam-poster.jpg,bonus solo -s2- Gracie Glam-poster.jpg,poster,apply
J:\My Movies\Music Concerts\bronze\That's So Lesbian\solo\bonus solo -s3- Elle Alexandra-poster.jpg,bonus solo -s3- Elle Alexandra-poster.jpg,poster,apply
J:\My Movies\Music Concerts\bronze\That's So Lesbian\solo\bonus solo -s4- Kiera Winters-poster.jpg,bonus solo -s4- Kiera Winters-poster.jpg,poster,apply
J:\My Movies\Music Concerts\bronze\The Creepers Family 2\02 The Creepers Family 2 (2013) [WEBRip][WwW.LoKoTorrents.CoM]-poster.jpg,02 The Creepers Family 2 (2013) [WEBRip][WwW.LoKoTorrents.CoM]-poster.jpg,poster,apply
J:\My Movies\Music Concerts\bronze\The Creepers Family 2\03 The Creepers Family 2 (2013) [WEBRip][WwW.LoKoTorrents.CoM]-poster.jpg,03 The Creepers Family 2 (2013) [WEBRip][WwW.LoKoTorrents.CoM]-poster.jpg,poster,apply
J:\My Movies\Music Concerts\bronze\The Creepers Family 2\04 The Creepers Family 2 (2013) [WEBRip][WwW.LoKoTorrents.CoM]-poster.jpg,04 The Creepers Family 2 (2013) [WEBRip][WwW.LoKoTorrents.CoM]-poster.jpg,poster,apply
J:\My Movies\Music Concerts\bronze\The Creepers Family 2\The Creepers Family 2 - 01-poster.jpg,The Creepers Family 2 - 01-poster.jpg,poster,apply
J:\My Movies\Music Concerts\gold\klam01-poster.jpg,klam01-poster.jpg,poster,apply
J:\My Movies\Music Concerts\gold\lhvypet1-poster.jpg,lhvypet1-poster.jpg,poster,apply
J:\My Movies\Music Concerts\gold\lhvypet2-poster.jpg,lhvypet2-poster.jpg,poster,apply
J:\My Movies\Music Concerts\gold\lpd07b-poster.jpg,lpd07b-poster.jpg,poster,apply
J:\My Movies\Music Concerts\gold\lpd10a-poster.jpg,lpd10a-poster.jpg,poster,apply
J:\My Movies\Music Concerts\gold\lsis01-poster.jpg,lsis01-poster.jpg,poster,apply
J:\My Movies\Music Concerts\gold\lslumkg1b-poster.jpg,lslumkg1b-poster.jpg,poster,apply
J:\My Movies\Music Concerts\gold\ltod07a-poster.jpg,ltod07a-poster.jpg,poster,apply
J:\My Movies\Music Concerts\gold\ltod07b-poster.jpg,ltod07b-poster.jpg,poster,apply
J:\My Movies\Music Concerts\gold\nsk08-poster.jpg,nsk08-poster.jpg,poster,apply
J:\My Movies\Music Concerts\gold\pmml03b-poster.jpg,pmml03b-poster.jpg,poster,apply
J:\My Movies\Music Concerts\silver\lbaby06a-poster.jpg,lbaby06a-poster.jpg,poster,apply
J:\My Movies\Music Concerts\silver\lgcounsel01-poster.jpg,lgcounsel01-poster.jpg,poster,apply
J:\My Movies\Music Concerts\silver\lpd10b-poster.jpg,lpd10b-poster.jpg,poster,apply
J:\My Movies\Music Concerts\silver\lpd12-poster.jpg,lpd12-poster.jpg,poster,apply
J:\My Movies\Music Concerts\silver\nsk04a-poster.jpg,nsk04a-poster.jpg,poster,apply
J:\My Movies\Music Concerts\silver\nsk06a-poster.jpg,nsk06a-poster.jpg,poster,apply
J:\My Movies\Music Concerts\silver\nsk09-poster.jpg,nsk09-poster.jpg,poster,apply
J:\My Movies\Music Concerts\silver\pmml01c-poster.jpg,pmml01c-poster.jpg,poster,apply
J:\My Movies\Music Concerts\silver\pmml04a-poster.jpg,pmml04a-poster.jpg,poster,apply
J:\My Movies\Music Concerts\silver\pmml04b-poster.jpg,pmml04b-poster.jpg,poster,apply
J:\My Movies\Music Concerts\silver\pmml05b-poster.jpg,pmml05b-poster.jpg,poster,apply
